Type,Name,AtkID,Physical MV,Magic MV,Fire MV,Lightning MV,Holy MV,PvP Dmg Mult,PvE Stam Dmg,PvP Stam Dmg,PvE Poise Dmg,PvP Poise Dmg,Stamina Cost,PhysAtkAttribute,Shield Chip,disableGuard,Damage Level,dmgLevel_vsPlayer,Magic Category 1,Magic Category 2,Bonus Catalyst; Dmg Mult 1,Bonus Catalyst; Dmg Mult 2,Attack Category 1,Attack Category 2,Other,PvP Alter,Duration,Radius (m),Status,Buildup,Status Effect
Sorcery,Glintstone Pebble,40000,0,152,0,0,0,1,20,25,3,40.5,20,-,0,FALSE,1,0,,,,,,,,,,,,,
Sorcery,Swift Glintstone Shard,40100,0,114,0,0,0,1,17,21,2,27,9,-,0,FALSE,8,0,,,,,,,,,,,,,
Sorcery,Great Glintstone Shard,40010,0,211,0,0,0,1,45,56,5.5,74.25,26,-,0,FALSE,1,0,,,,,,,,,,,,,
Sorcery,Glintstone Cometshard,40200,0,259,0,0,0,1,40,50,5.5,74.25,28,-,0,FALSE,1,0,Azur's Sorcery,,,,,,,,,,,,
Sorcery,Glintstone Cometshard - Charged,40201,0,324,0,0,0,1,45,56,10.175,274.725,36,-,0,FALSE,1,0,Azur's Sorcery,,,,Charged Spell,,,,,,,,
Sorcery,Comet,40210,0,292,0,0,0,1,50,62,7,94.5,31,-,0,FALSE,1,0,Azur's Sorcery,,,,,,,,,,,,
Sorcery,Comet - Charged,40211,0,365,0,0,0,1,65,81,12.95,349.65,40,-,0,FALSE,2,0,Azur's Sorcery,,,,Charged Spell,,,,,,,,
Sorcery,Comet - Charged (AoE),40212,0,365,0,0,0,1,65,81,12.95,349.65,40,-,0,FALSE,2,0,Azur's Sorcery,,,,Charged Spell,,,,,1.2,,,
Sorcery,Shard Spiral,40300,0,92,0,0,0,1,20,25,2,27,28,-,0,FALSE,1,0,,,,,,,,,,,,,
Sorcery,Shard Spiral - Charged,40301,0,110,0,0,0,1,26,32,3.7,49.95,36,-,0,FALSE,1,0,,,,,Charged Spell,,,,,,,,
Sorcery,Glintstone Stars,40400,0,87,0,0,0,1,12,15,2,27,21,-,0,FALSE,1,0,Lusat's Sorcery,,,,,,,,,,,,
Sorcery,Glintstone Stars,40401,0,78,0,0,0,1,12,15,2,27,21,-,0,FALSE,1,0,Lusat's Sorcery,,,,,,,,,,,,
Sorcery,Glintstone Stars,40402,0,68,0,0,0,1,12,15,2,27,21,-,0,FALSE,1,0,Lusat's Sorcery,,,,,,,,,,,,
Sorcery,Glintstone Stars - Charged,40405,0,99,0,0,0,1,15,18,3.7,49.95,27,-,0,FALSE,1,0,Lusat's Sorcery,,,,Charged Spell,,,,,,,,
Sorcery,Glintstone Stars - Charged,40406,0,90,0,0,0,1,15,18,3.7,49.95,27,-,0,FALSE,1,0,Lusat's Sorcery,,,,Charged Spell,,,,,,,,
Sorcery,Glintstone Stars - Charged,40407,0,80,0,0,0,1,15,18,3.7,49.95,27,-,0,FALSE,1,0,Lusat's Sorcery,,,,Charged Spell,,,,,,,,
Sorcery,Star Shower,40500,0,79,0,0,0,1,12,15,1,13.5,26,-,0,FALSE,1,0,Lusat's Sorcery,,,,,,,,,,,,
Sorcery,Star Shower,40501,0,69,0,0,0,1,12,15,1,13.5,26,-,0,FALSE,1,0,Lusat's Sorcery,,,,,,,,,,,,
Sorcery,Star Shower,40502,0,69,0,0,0,1,12,15,1,13.5,26,-,0,FALSE,1,0,Lusat's Sorcery,,,,,,,,,,,,
Sorcery,Star Shower,40503,0,59,0,0,0,1,12,15,1,13.5,26,-,0,FALSE,1,0,Lusat's Sorcery,,,,,,,,,,,,
Sorcery,Star Shower,40504,0,49,0,0,0,1,12,15,1,13.5,26,-,0,FALSE,1,0,Lusat's Sorcery,,,,,,,,,,,,
Sorcery,Star Shower,40505,0,44,0,0,0,1,12,15,1,13.5,26,-,0,FALSE,1,0,Lusat's Sorcery,,,,,,,,,,,,
Sorcery,Star Shower - Charged,40510,0,88,0,0,0,1,15,18,1.85,24.975,34,-,0,FALSE,1,0,Lusat's Sorcery,,,,Charged Spell,,,,,,,,
Sorcery,Star Shower - Charged,40511,0,78,0,0,0,1,15,18,1.85,24.975,34,-,0,FALSE,1,0,Lusat's Sorcery,,,,Charged Spell,,,,,,,,
Sorcery,Star Shower - Charged,40512,0,68,0,0,0,1,15,18,1.85,24.975,34,-,0,FALSE,1,0,Lusat's Sorcery,,,,Charged Spell,,,,,,,,
Sorcery,Star Shower - Charged,40513,0,63,0,0,0,1,15,18,1.85,24.975,34,-,0,FALSE,1,0,Lusat's Sorcery,,,,Charged Spell,,,,,,,,
Sorcery,Star Shower - Charged,40514,0,58,0,0,0,1,15,18,1.85,24.975,34,-,0,FALSE,1,0,Lusat's Sorcery,,,,Charged Spell,,,,,,,,
Sorcery,Star Shower - Charged,40515,0,53,0,0,0,1,15,18,1.85,24.975,34,-,0,FALSE,1,0,Lusat's Sorcery,,,,Charged Spell,,,,,,,,
Sorcery,Glintstone Arc,40070,0,148,0,0,0,1,18,22,5,67.5,18,-,0,FALSE,1,0,,,,,,,,,,,,,
Sorcery,Crystal Barrage,40600,0,36,0,0,0,1,5,6,0.5,6.75,26,-,0,FALSE,0,0,,,,,,,,,,,,,
Sorcery,Crystal Burst,40900,0,40,0,0,0,1,17,21,1,13.5,9,-,0,FALSE,8,0,,,,,,,,,,,,,
Sorcery,Crystal Burst - Charged,40905,0,45,0,0,0,1,17,21,1.85,24.975,12,-,0,FALSE,8,0,,,,,Charged Spell,,,,,,,,
Sorcery,Cannon of Haima,40801,0,285,0,0,0,1,260,325,16.114,435.078,42,-,0,FALSE,7,0,,,,,,,,,,4,,,
Sorcery,Cannon of Haima - Charged,40806,0,332,0,0,0,1,330,412,19.296,520.992,55,-,0,FALSE,7,0,,,,,Charged Spell,,,,,6,,,
Sorcery,Gavel of Haima,41200,0,297,0,0,0,1,260,325,22.512,607.824,38,-,0,FALSE,6,0,,,,,,,,,,,,,
Sorcery,Gavel of Haima - Bullet,41205,0,242,0,0,0,1,200,250,16.114,435.078,38,-,0,FALSE,6,0,,,,,,,,,,3,,,
Sorcery,Gavel of Haima Offhand,41201,0,297,0,0,0,1,260,325,22.512,607.824,38,-,0,FALSE,6,0,,,,,,,,,,,,,
Sorcery,Gavel of Haima Offhand - Bullet,41206,0,242,0,0,0,1,200,250,16.114,435.078,38,-,0,FALSE,6,0,,,,,,,,,,3,,,
Sorcery,Shatter Earth - Bullet,41000,0,182,0,0,0,1,80,100,10.175,274.725,22,-,0,FALSE,2,0,Stonedigger,,Digger's Staff; 1.2x,,,,,,,2.3,,,
Sorcery,Shatter Earth - Bullet,41001,0,205,0,0,0,1,80,100,10.175,274.725,22,-,0,FALSE,3,0,Stonedigger,,Digger's Staff; 1.2x,,,,,,,2.8,,,
Sorcery,Shatter Earth - Bullet,41002,0,52,0,0,0,1,40,50,4,108,22,-,0,FALSE,8,0,Stonedigger,,Digger's Staff; 1.2x,,,,,,,1,,,
Sorcery,Shatter Earth,41003,0,68,0,0,0,1,8,10,6,162,22,-,0,FALSE,1,0,Stonedigger,,Digger's Staff; 1.2x,,,,,,,,,,
Sorcery,Shatter Earth,41004,0,68,0,0,0,1,8,10,6,162,22,-,0,FALSE,1,0,Stonedigger,,Digger's Staff; 1.2x,,,,,,,,,,
Sorcery,Rock Blaster,41100,0,64,0,0,0,1,10,12,2,54,35,-,0,FALSE,1,0,Stonedigger,,Digger's Staff; 1.2x,,,,,,,0.6,,,
Sorcery,Rock Blaster,41101,0,260,0,0,0,1,120,150,16.114,435.078,35,-,0,FALSE,2,0,Stonedigger,,Digger's Staff; 1.2x,,,,,,,2.2,,,
Sorcery,Rock Blaster,41102,0,64,0,0,0,1,10,12,2,54,35,-,0,FALSE,0,0,Stonedigger,,Digger's Staff; 1.2x,,,,,,,0.6,,,
Sorcery,Rock Blaster,41103,0,64,0,0,0,1,10,12,2,54,35,-,0,FALSE,0,0,Stonedigger,,Digger's Staff; 1.2x,,,,,,,0.6,,,
Sorcery,Scholar's Armament,,,,,,,,,,,,10,,,,,,,,,,,,Adds magic AR to weapon (0.75 * Spell Buff; only uses intelligence scaling),,90,,,,
Sorcery,Scholar's Shield,,,,,,,,,,,,10,,,,,,,,,,,,"Increases shield magic damage negation by 70%, other damage negations by 30%, and multiplies stamina damage recieved by 0.65",,60,,,,
Sorcery,Starlight,,,,,,,,,,,,5,,,,,,,,,,,,Creates an orb of light that follows the caster,,180,,,,
Sorcery,Terra Magica,41300,0,0,0,0,0,1,0,0,0,0,12,-,0,FALSE,0,0,,,,,,,1.225x magic damage while standing in sigil (1.15x in PvP); lingers for 1.5 seconds,1.15x,30,4.2,,,
Sorcery,Thops's Barrier,79984,0,0,0,0,0,1,0,0,0,0,10,-,0,FALSE,0,0,,,,,,,,,0.95,3.8,,,
Sorcery,Comet Azur,42000,0,55,0,0,0,1,10,12,1,13.5,34,-,0,FALSE,2,0,Comet Azur,,,,,,,,,,,,
Sorcery,Comet Azur,42002,0,75,0,0,0,1,10,12,0.5,6.75,34,-,0,FALSE,0,0,Comet Azur,,,,,,,,,,,,
Sorcery,Comet Azur,42003,0,100,0,0,0,1,20,25,5,67.5,34,-,0,FALSE,7,0,Comet Azur,,,,,,,,,,,,
Sorcery,Comet Azur,42004,0,55,0,0,0,1,20,25,5,67.5,34,-,0,FALSE,7,0,Comet Azur,,,,,,,,,,,,
Sorcery,Comet Azur,42001,0,90,0,0,0,1,10,12,0.5,6.75,34,-,0,FALSE,1,0,Comet Azur,,,,,,,,,,,,
Sorcery,Stars of Ruin,42200,0,52,0,0,0,1,15,18,0.5,6.75,29,-,0,FALSE,0,0,Stars of Ruin,,,,,,,,,,,,
Sorcery,Stars of Ruin,42201,0,52,0,0,0,1,15,18,0.5,6.75,29,-,0,FALSE,0,0,Stars of Ruin,,,,,,,,,,,,
Sorcery,Stars of Ruin,42202,0,49,0,0,0,1,15,18,0.5,6.75,29,-,0,FALSE,0,0,Stars of Ruin,,,,,,,,,,,,
Sorcery,Stars of Ruin,42203,0,49,0,0,0,1,15,18,0.5,6.75,29,-,0,FALSE,0,0,Stars of Ruin,,,,,,,,,,,,
Sorcery,Stars of Ruin,42204,0,45,0,0,0,1,15,18,0.5,6.75,29,-,0,FALSE,0,0,Stars of Ruin,,,,,,,,,,,,
Sorcery,Stars of Ruin,42205,0,45,0,0,0,1,15,18,0.5,6.75,29,-,0,FALSE,0,0,Stars of Ruin,,,,,,,,,,,,
Sorcery,Stars of Ruin,42206,0,43,0,0,0,1,15,18,0.5,6.75,29,-,0,FALSE,0,0,Stars of Ruin,,,,,,,,,,,,
Sorcery,Stars of Ruin,42207,0,43,0,0,0,1,15,18,0.5,6.75,29,-,0,FALSE,0,0,Stars of Ruin,,,,,,,,,,,,
Sorcery,Stars of Ruin - Charged,42210,0,65,0,0,0,1,20,25,0.925,12.488,36,-,0,FALSE,0,0,Stars of Ruin,,,,Charged Spell,,,,,,,,
Sorcery,Stars of Ruin - Charged,42211,0,65,0,0,0,1,20,25,0.925,12.488,36,-,0,FALSE,0,0,Stars of Ruin,,,,Charged Spell,,,,,,,,
Sorcery,Stars of Ruin - Charged,42212,0,60,0,0,0,1,20,25,0.925,12.488,36,-,0,FALSE,0,0,Stars of Ruin,,,,Charged Spell,,,,,,,,
Sorcery,Stars of Ruin - Charged,42213,0,60,0,0,0,1,20,25,0.925,12.488,36,-,0,FALSE,0,0,Stars of Ruin,,,,Charged Spell,,,,,,,,
Sorcery,Stars of Ruin - Charged,42214,0,57,0,0,0,1,20,25,0.925,12.488,36,-,0,FALSE,0,0,Stars of Ruin,,,,Charged Spell,,,,,,,,
Sorcery,Stars of Ruin - Charged,42215,0,57,0,0,0,1,20,25,0.925,12.488,36,-,0,FALSE,0,0,Stars of Ruin,,,,Charged Spell,,,,,,,,
Sorcery,Stars of Ruin - Charged,42216,0,54,0,0,0,1,20,25,0.925,12.488,36,-,0,FALSE,0,0,Stars of Ruin,,,,Charged Spell,,,,,,,,
Sorcery,Stars of Ruin - Charged,42217,0,54,0,0,0,1,20,25,0.925,12.488,36,-,0,FALSE,0,0,Stars of Ruin,,,,Charged Spell,,,,,,,,
Sorcery,Founding Rain of Stars,42100,0,49,0,0,0,1,15,18,0.5,6.75,31,-,0,FALSE,0,0,,,,,,,,,,,,,
Sorcery,Founding Rain of Stars - Charged,42105,0,54,0,0,0,1,20,25,0.925,12.488,40,-,0,FALSE,0,0,,,,,Charged Spell,,,,,,,,
Sorcery,Magic Glintblade,43900,0,182,0,0,0,1,20,25,5,67.5,22,-,0,FALSE,1,0,Glintblade,,Carian Glintblade Staff; 1.15x,,,,,,,,,,
Sorcery,Magic Glintblade - Charged,43905,0,230,0,0,0,1,75,93,10.175,274.725,29,-,0,FALSE,1,0,Glintblade,,Carian Glintblade Staff; 1.15x,,Charged Spell,,,,,,,,
Sorcery,Glintblade Trio,210431000,0,109,0,0,0,1,10,12,4,54,22,-,0,FALSE,1,0,Glintblade,,Carian Glintblade Staff; 1.15x,,Glintblade,,,,,,,,
Sorcery,Glintblade Trio - Charged,210431050,0,127,0,0,0,1,37,46,6,162,29,-,0,FALSE,1,0,Glintblade,,Carian Glintblade Staff; 1.15x,,Glintblade,Charged Spell,,,,,,,
Sorcery,Glintblade Phalanx (above head),43000,0,60,0,0,0,1,25,31,1,13.5,12,-,0,FALSE,1,0,Glintblade,,Carian Glintblade Staff; 1.15x,,,,,,,,,,
Sorcery,Glintblade Phalanx,43001,0,60,0,0,0,1,25,31,1,13.5,12,-,0,FALSE,2,0,Glintblade,,Carian Glintblade Staff; 1.15x,,,,,,,,,,
Sorcery,Carian Phalanx (above head),43010,0,48,0,0,0,1,25,31,1,13.5,16,-,0,FALSE,1,0,Glintblade,,Carian Glintblade Staff; 1.15x,,,,,,,,,,
Sorcery,Carian Phalanx,43011,0,48,0,0,0,1,25,31,1,13.5,16,-,0,FALSE,2,0,Glintblade,,Carian Glintblade Staff; 1.15x,,,,,,,,,,
Sorcery,Greatblade Phalanx (above head),43020,0,100,0,0,0,1,80,100,10.175,274.725,20,-,0,FALSE,2,0,Glintblade,,Carian Glintblade Staff; 1.15x,,,,,,,,,,
Sorcery,Greatblade Phalanx,43021,0,100,0,0,0,1,80,100,10.175,274.725,20,-,0,FALSE,3,0,Glintblade,,Carian Glintblade Staff; 1.15x,,,,,,,,,,
Sorcery,Magic Downpour,43702,0,58,0,0,0,0.8,40,50,0.5,6.75,17,-,0,FALSE,8,0,,,,,,,,,,,,,
Sorcery,Magic Downpour,43705,0,58,0,0,0,0.8,40,50,0.5,6.75,17,-,0,FALSE,8,0,,,,,,,,,,,,,
Sorcery,Magic Downpour - Charged,43708,0,58,0,0,0,0.8,40,50,0.5,6.75,22,-,0,FALSE,8,0,,,,,Charged Spell,,,,,,,,
Sorcery,Magic Downpour - Charged,43711,0,58,0,0,0,0.8,40,50,0.5,6.75,22,-,0,FALSE,8,0,,,,,Charged Spell,,,,,,,,
Sorcery,Loretta's Greatbow,43801,0,270,0,0,0,1,180,225,7,189,30,-,0,FALSE,3,0,,,,,,,,,,2,,,
Sorcery,Loretta's Greatbow - Charged,43806,0,330,0,0,0,1,234,292,12.95,349.65,39,-,0,FALSE,3,0,,,,,Charged Spell,,,,,3,,,
Sorcery,Loretta's Mastery,43811,0,108,0,0,0,1,120,150,5,135,33,-,0,FALSE,3,0,,,,,,,,,,2,,,
Sorcery,Loretta's Mastery - Charged,43816,0,127,0,0,0,1,156,195,9.25,249.75,43,-,0,FALSE,3,0,,,,,Charged Spell,,,,,3,,,
Sorcery,Rennala's Full Moon,43600,0,360,0,0,0,1,200,250,13.635,368.145,32,-,0,FALSE,3,0,Full Moon,,Carian Regal Scepter; 1.1x,,,,Decreases target magic damage negation by -20% (-10% in PvP),-10%,60,3,,,
Sorcery,Ranni's Dark Moon,43610,0,330,0,0,0,1,200,250,13.635,368.145,32,-,0,FALSE,3,0,Full Moon,Cold,Carian Regal Scepter; 1.1x,,,,Decreases target magic damage negation by -20% (-10% in PvP),-10%,60,3,Frost,270,Target loses ⌊MaxHP * 0.1⌋ + 30 HP on proc; target damage negation decreased by -20% for 30 seconds
Sorcery,Rellana's Twin Moons [1],210432000,0,300,0,0,0,1,200,250,10,270,32,-,0,FALSE,3,0,Full Moon,,Carian Regal Scepter; 1.1x,,Full Moon,,,,,6,,,
Sorcery,Rellana's Twin Moons [2],210432000,0,300,0,0,0,1,200,250,10,270,32,-,0,FALSE,3,0,Full Moon,,,,Full Moon,,,,,6,,,
Sorcery,Rellana's Twin Moons [3],210432002,0,400,0,0,0,1,200,250,10,270,32,-,0,FALSE,9,0,Full Moon,,Carian Regal Scepter; 1.1x,,Full Moon,,,,,7,,,
Sorcery,Carian Slicer,44401,0,180,0,0,0,0.8,40,50,3,51,12,-,0,FALSE,1,0,Carian Sword,,Carian Glintstone Staff; 1.15x,,,,,,,,,,
Sorcery,Carian Slicer - 2nd in Neutral Chain,44400,0,180,0,0,0,0.8,40,50,3,51,12,-,0,FALSE,1,0,Carian Sword,,Carian Glintstone Staff; 1.15x,,,,,,,,,,
Sorcery,Carian Slicer (Offhand),44405,0,180,0,0,0,0.8,40,50,3,51,12,-,0,FALSE,1,0,Carian Sword,,Carian Glintstone Staff; 1.15x,,,,,,,,,,
Sorcery,Carian Slicer (Offhand) - 2nd in Neutral Chain,44406,0,180,0,0,0,0.8,40,50,3,51,12,-,0,FALSE,1,0,Carian Sword,,Carian Glintstone Staff; 1.15x,,,,,,,,,,
Sorcery,Carian Slicer (Mounted),44407,0,184,0,0,0,0.8,40,50,3,51,12,-,0,FALSE,1,0,Carian Sword,,Carian Glintstone Staff; 1.15x,,,,,,,,,,
Sorcery,Carian Slicer (Mounted) - 2nd in Chain,44408,0,184,0,0,0,0.8,40,50,3,51,12,-,0,FALSE,1,0,Carian Sword,,Carian Glintstone Staff; 1.15x,,,,,,,,,,
Sorcery,Carian Greatsword,44300,0,268,0,0,0,1,180,225,10.175,274.725,22,-,0,FALSE,3,0,Carian Sword,,Carian Glintstone Staff; 1.15x,,,,,,,,,,
Sorcery,Carian Greatsword - 2nd in Chain,44301,0,268,0,0,0,1,180,225,10.175,274.725,22,-,0,FALSE,3,0,Carian Sword,,Carian Glintstone Staff; 1.15x,,,,,,,,,,
Sorcery,Carian Greatsword (Offhand),44306,0,268,0,0,0,1,180,225,10.175,274.725,22,-,0,FALSE,3,0,Carian Sword,,Carian Glintstone Staff; 1.15x,,,,,,,,,,
Sorcery,Carian Greatsword (Offhand) - 2nd in Chain,44305,0,268,0,0,0,1,180,225,10.175,274.725,22,-,0,FALSE,3,0,Carian Sword,,Carian Glintstone Staff; 1.15x,,,,,,,,,,
Sorcery,Carian Greatsword (Mounted),44307,0,272,0,0,0,1,180,225,10.175,274.725,22,-,0,FALSE,3,0,Carian Sword,,Carian Glintstone Staff; 1.15x,,,,,,,,,,
Sorcery,Carian Greatsword (Mounted) - 2nd in Chain,44308,0,272,0,0,0,1,180,225,10.175,274.725,22,-,0,FALSE,3,0,Carian Sword,,Carian Glintstone Staff; 1.15x,,,,,,,,,,
Sorcery,Carian Piercer,44500,0,287,0,0,0,1,175,218,10.175,274.725,25,-,0,FALSE,3,0,Carian Sword,,Carian Glintstone Staff; 1.15x,,,,,,,,,,
Sorcery,Carian Piercer - Charged,44505,0,355,0,0,0,1,230,287,12.95,349.65,33,-,0,FALSE,7,0,Carian Sword,,Carian Glintstone Staff; 1.15x,,Charged Spell,,,,,,,,
Sorcery,Carian Piercer (Offhand),44501,0,287,0,0,0,1,175,218,10.175,274.725,25,-,0,FALSE,3,0,Carian Sword,,Carian Glintstone Staff; 1.15x,,,,,,,,,,
Sorcery,Carian Piercer (Offhand) - Charged,44506,0,355,0,0,0,1,230,287,12.95,349.65,33,-,0,FALSE,7,0,Carian Sword,,Carian Glintstone Staff; 1.15x,,Charged Spell,,,,,,,,
Sorcery,Adula's Moonblade,44310,0,133,0,0,0,1,120,150,8.5,229.5,22,-,0,FALSE,3,0,Carian Sword,Cold,Carian Glintstone Staff; 1.15x,,,,,,,,Frost,120,Target loses ⌊MaxHP * 0.1⌋ + 30 HP on proc; target damage negation decreased by -20% for 30 seconds
Sorcery,Adula's Moonblade - 2nd in Chain,44311,0,133,0,0,0,1,120,150,8.5,229.5,22,-,0,FALSE,3,0,Carian Sword,Cold,Carian Glintstone Staff; 1.15x,,,,,,,,Frost,120,Target loses ⌊MaxHP * 0.1⌋ + 30 HP on proc; target damage negation decreased by -20% for 30 seconds
Sorcery,Adula's Moonblade (Offhand),44316,0,133,0,0,0,1,120,150,8.5,229.5,22,-,0,FALSE,3,0,Carian Sword,Cold,Carian Glintstone Staff; 1.15x,,,,,,,,Frost,120,Target loses ⌊MaxHP * 0.1⌋ + 30 HP on proc; target damage negation decreased by -20% for 30 seconds
Sorcery,Adula's Moonblade (Offhand) - 2nd in Chain,44315,0,133,0,0,0,1,120,150,8.5,229.5,22,-,0,FALSE,3,0,Carian Sword,Cold,Carian Glintstone Staff; 1.15x,,,,,,,,Frost,120,Target loses ⌊MaxHP * 0.1⌋ + 30 HP on proc; target damage negation decreased by -20% for 30 seconds
Sorcery,Adula's Moonblade (Mounted),44317,0,137,0,0,0,1,120,150,8.5,229.5,22,-,0,FALSE,3,0,Carian Sword,Cold,Carian Glintstone Staff; 1.15x,,,,,,,,Frost,120,Target loses ⌊MaxHP * 0.1⌋ + 30 HP on proc; target damage negation decreased by -20% for 30 seconds
Sorcery,Adula's Moonblade (Mounted) - 2nd in Chain,44318,0,137,0,0,0,1,120,150,8.5,229.5,22,-,0,FALSE,3,0,Carian Sword,Cold,Carian Glintstone Staff; 1.15x,,,,,,,,Frost,120,Target loses ⌊MaxHP * 0.1⌋ + 30 HP on proc; target damage negation decreased by -20% for 30 seconds
Sorcery,Adula's Moonblade - Bullet,44319,0,189,0,0,0,1,140,175,3.5,94.5,22,-,0,FALSE,2,0,Carian Sword,Cold,Carian Glintstone Staff; 1.15x,,,,,,,,Frost,35,Target loses ⌊MaxHP * 0.1⌋ + 30 HP on proc; target damage negation decreased by -20% for 30 seconds
Sorcery,Lucidity,44800,0,0,0,0,0,1,0,0,0,0,10,-,0,FALSE,0,0,,,,,,,Removes madness and sleep buildup from caster,,,,,,
Sorcery,Carian Retaliation 1 (above head),46400,0,115,0,0,0,1,25,31,2,27,15,-,0,FALSE,1,0,Glintblade,,Carian Glintblade Staff; 1.15x,,,,,,,,,,
Sorcery,Carian Retaliation 1,46401,0,115,0,0,0,1,25,31,2,27,15,-,0,FALSE,2,0,Glintblade,,Carian Glintblade Staff; 1.15x,,,,,,,,,,
Sorcery,Carian Retaliation 2 (above head),46410,0,165,0,0,0,1,25,31,2,27,15,-,0,FALSE,1,0,Glintblade,,Carian Glintblade Staff; 1.15x,,,,,,,,,,
Sorcery,Carian Retaliation 2,46411,0,165,0,0,0,1,25,31,2,27,15,-,0,FALSE,2,0,Glintblade,,Carian Glintblade Staff; 1.15x,,,,,,,,,,
Sorcery,Carian Retaliation 3 (above head),46420,0,245,0,0,0,1,25,31,2,27,15,-,0,FALSE,1,0,Glintblade,,Carian Glintblade Staff; 1.15x,,,,,,,,,,
Sorcery,Carian Retaliation 3,46421,0,245,0,0,0,1,25,31,2,27,15,-,0,FALSE,2,0,Glintblade,,Carian Glintblade Staff; 1.15x,,,,,,,,,,
Sorcery,Miriam's Vanishing,,,,,,,,,,,,10,,,,,,,,,,,,,,,,,,
Sorcery,Ambush Shard,46000,0,146,0,0,0,1,20,25,3,40.5,15,-,0,FALSE,8,0,,,,,,,,,,,,,
Sorcery,Night Shard,46100,0,111,0,0,0,1,20,25,2,27,9,-,0,FALSE,8,0,Night,,Staff of Loss; 1.3x,,,,,,,,,,
Sorcery,Night Comet,46200,0,230,0,0,0,1,40,50,5.5,74.25,30,-,0,FALSE,1,0,Night,,Staff of Loss; 1.3x,,,,,,,,,,
Sorcery,Night Comet - Charged,46201,0,276,0,0,0,1,45,56,10.175,274.725,39,-,0,FALSE,1,0,Night,,Staff of Loss; 1.3x,,Charged Spell,,,,,,,,
Sorcery,Night Maiden's Mist,65001,20,0,0,0,0,1,0,0,0,0,20,Standard,0,FALSE,0,0,,,,,,,Creates a damaging mist that ticks 2/s for 15 seconds (30 total ticks); additional 19 flat damage that ticks 5/s for 15 seconds (lingers for 1.7 seconds; 84 total ticks),,,2.8,,,
Sorcery,Night Maiden's Mist - Charged,65006,20,0,0,0,0,1,0,0,0,0,26,Standard,0,FALSE,0,0,,,,,,,Creates a damaging mist that ticks 2/s for 15 seconds (30 total ticks); additional 19 flat damage that ticks 5/s for 15 seconds (lingers for 1.7 seconds; 84 total ticks),,,5,,,
Sorcery,Unseen Blade,,,,,,,,,,,,10,,,,,,Night,,Staff of Loss; 1.3x,,,,Makes weapon invisible,,45,,,,
Sorcery,Unseen Form,46701,0,0,0,0,0,1,0,0,0,0,10,-,0,FALSE,0,0,Night,,Staff of Loss; 1.3x,,,,Makes caster transparent,,30,,,,
Sorcery,Eternal Darkness,79982,0,0,0,0,0,1,0,0,0,0,15,-,0,FALSE,0,0,Azur's Sorcery,,,,,,,,,4,,,
Sorcery,Magma Shot,48000,0,0,210,0,0,1,54,67,5,67.5,21,-,0,FALSE,3,0,Lava,Magma Attack,Gelmir Glintstone Staff; 1.15x,,,Magma Attack,,,,,,,
Sorcery,Magma Shot,48003,0,0,48,0,0,1,0,0,0,0,21,-,0,FALSE,0,0,Lava,Magma Attack,Gelmir Glintstone Staff; 1.15x,,,Magma Attack,,,,,,,
Sorcery,Magma Shot - Charged,48005,0,0,250,0,0,1,65,81,9.25,249.75,27,-,0,FALSE,3,0,Lava,Magma Attack,Gelmir Glintstone Staff; 1.15x,,Charged Spell,Magma Attack,,,,,,,
Sorcery,Magma Shot - Charged,48007,0,0,53,0,0,1,0,0,0,0,27,-,0,FALSE,0,0,Lava,Magma Attack,Gelmir Glintstone Staff; 1.15x,,Charged Spell,Magma Attack,,,,,,,
Sorcery,Roiling Magma,48200,0,0,234,0,0,1,30,37,5,67.5,27,-,0,FALSE,1,0,Lava,Magma Attack,Gelmir Glintstone Staff; 1.15x,,,Magma Attack,,,1.5,,,,
Sorcery,Roiling Magma,48204,0,0,318,0,0,1,150,187,10.175,274.725,27,-,0,FALSE,3,0,Lava,Magma Attack,Gelmir Glintstone Staff; 1.15x,,,Magma Attack,,,0.3,,,,
Sorcery,Roiling Magma,48206,0,0,43,0,0,1,0,0,0,0,27,-,0,FALSE,0,0,Lava,Magma Attack,Gelmir Glintstone Staff; 1.15x,,,Magma Attack,,,2,,,,
Sorcery,Roiling Magma - Charged,48210,0,0,325,0,0,1,39,48,9.25,124.875,35,-,0,FALSE,1,0,Lava,Magma Attack,Gelmir Glintstone Staff; 1.15x,,Charged Spell,Magma Attack,,,1.5,,,,
Sorcery,Roiling Magma - Charged,48214,0,0,390,0,0,1,195,243,18,486,35,-,0,FALSE,3,0,Lava,Magma Attack,Gelmir Glintstone Staff; 1.15x,,Charged Spell,Magma Attack,,,0.3,,,,
Sorcery,Roiling Magma - Charged,48216,0,0,48,0,0,1,0,0,0,0,35,-,0,FALSE,0,0,Lava,Magma Attack,Gelmir Glintstone Staff; 1.15x,,Charged Spell,Magma Attack,,,2,,,,
Sorcery,Gelmir's Fury,48100,0,0,125,0,0,1,20,25,3,40.5,38,-,0,FALSE,2,0,Lava,Magma Attack,Gelmir Glintstone Staff; 1.15x,,,Magma Attack,,,,,,,
Sorcery,Gelmir's Fury,48107,0,0,125,0,0,1,0,0,0,0,38,-,0,FALSE,0,0,Lava,Magma Attack,Gelmir Glintstone Staff; 1.15x,,,Magma Attack,,,,,,,
Sorcery,Gelmir's Fury,48108,0,0,160,0,0,1,0,0,5.1,68.85,38,-,0,FALSE,1,0,Lava,Magma Attack,Gelmir Glintstone Staff; 1.15x,,,Magma Attack,,,,,,,
Sorcery,Rykard's Rancor,48300,0,0,150,0,0,1,80,100,5,67.5,36,-,0,FALSE,2,0,Lava,Magma Attack,Gelmir Glintstone Staff; 1.15x,,,,,,,2.2,,,
Sorcery,Glintstone Icecrag,44000,0,199,0,0,0,1,45,56,5.5,74.25,26,-,0,FALSE,1,0,Cold,,,,,,,,,,Frost,100,Target loses ⌊MaxHP * 0.1⌋ + 30 HP on proc; target damage negation decreased by -20% for 30 seconds
Sorcery,Freezing Mist,44200,0,0,0,0,0,1,0,0,0,0,13,-,0,FALSE,0,0,Cold,,,,,,Creates a mist that applies frost to targets within range; the 20 frost ticks 5/s for 16 seconds (80 total ticks),,15,2.8,Frost,20,Target loses ⌊MaxHP * 0.1⌋ + 30 HP on proc; target damage negation decreased by -20% for 30 seconds
Sorcery,Freezing Mist - Charged,44205,0,0,0,0,0,1,0,0,0,0,17,-,0,FALSE,0,0,Cold,,,,Charged Spell,,Creates a mist that applies frost to targets within range; the 20 frost ticks 5/s for 16 seconds (80 total ticks),,15,5,Frost,20,Target loses ⌊MaxHP * 0.1⌋ + 30 HP on proc; target damage negation decreased by -20% for 30 seconds
Sorcery,Frozen Armament,,,,,,,,,,,,10,,,,,,Cold,,,,,,Adds frost buildup to weapon,,60,,Frost,63,Target loses ⌊MaxHP * 0.1⌋ + 30 HP on proc; target damage negation decreased by -20% for 30 seconds
Sorcery,Zamor Ice Storm,44100,0,99,0,0,0,1,100,125,8,216,27,-,0,FALSE,8,0,Cold,,,,,Storm Attack,,,,3,Frost,80,Target loses ⌊MaxHP * 0.1⌋ + 30 HP on proc; target damage negation decreased by -20% for 30 seconds
Sorcery,Zamor Ice Storm,44101,0,74,0,0,0,1,45,56,2,54,27,-,0,FALSE,8,0,Cold,,,,,Storm Attack,,,,3,Frost,80,Target loses ⌊MaxHP * 0.1⌋ + 30 HP on proc; target damage negation decreased by -20% for 30 seconds
Sorcery,Zamor Ice Storm - Charged,44105,0,104,0,0,0,1,140,175,10.175,274.725,35,-,0,FALSE,8,0,Cold,,,,Charged Spell,Storm Attack,,,,5,Frost,80,Target loses ⌊MaxHP * 0.1⌋ + 30 HP on proc; target damage negation decreased by -20% for 30 seconds
Sorcery,Zamor Ice Storm - Charged,44106,0,79,0,0,0,1,59,73,3.7,99.9,35,-,0,FALSE,8,0,Cold,,,,Charged Spell,Storm Attack,,,,5,Frost,80,Target loses ⌊MaxHP * 0.1⌋ + 30 HP on proc; target damage negation decreased by -20% for 30 seconds
Sorcery,Shattering Crystal,45000,0,127,0,0,0,1,20,25,2.8,75.6,30,-,0,FALSE,1,0,Crystalian,,Crystal Staff; 1.1x,,,,,,,,,,
Sorcery,Shattering Crystal,45001,0,60,0,0,0,1,25,31,2.8,75.6,30,-,0,FALSE,2,0,Crystalian,,Crystal Staff; 1.1x,,,,,,,,,,
Sorcery,Shattering Crystal,45002,0,51,0,0,0,1,20,25,2.8,75.6,30,-,0,FALSE,8,0,Crystalian,,Crystal Staff; 1.1x,,,,,,,,,,
Sorcery,Shattering Crystal - Charged,45005,0,160,0,0,0,1,30,37,4.2,113.4,38,-,0,FALSE,1,0,Crystalian,,Crystal Staff; 1.1x,,Charged Spell,,,,,,,,
Sorcery,Shattering Crystal - Charged,45006,0,75,0,0,0,1,35,43,4.2,113.4,38,-,0,FALSE,2,0,Crystalian,,Crystal Staff; 1.1x,,Charged Spell,,,,,,,,
Sorcery,Shattering Crystal - Charged,45007,0,67,0,0,0,1,25,31,4.2,113.4,38,-,0,FALSE,8,0,Crystalian,,Crystal Staff; 1.1x,,Charged Spell,,,,,,,,
Sorcery,Crystal Torrent,45200,0,57,0,0,0,1,17,21,0.5,6.75,30,-,0,FALSE,8,0,Crystalian,,Crystal Staff; 1.1x,,,,,,,,,,
Sorcery,Crystal Torrent,45201,0,57,0,0,0,1,17,21,0.5,6.75,30,-,0,FALSE,0,0,Crystalian,,Crystal Staff; 1.1x,,,,,,,,,,
Sorcery,Crystal Release,45101,0,125,0,0,0,1,34,42,2.6,35.1,26,-,0,FALSE,1,0,Crystalian,,Crystal Staff; 1.1x,,,,,,,,,,
Sorcery,Crystal Release,45100,0,100,0,0,0,1,34,42,2.6,35.1,26,-,0,FALSE,8,0,Crystalian,,Crystal Staff; 1.1x,,,,,,,,,,
Sorcery,Gravity Well,47200,0,148,0,0,0,1,70,87,5,135,20,-,0,FALSE,2,0,Gravity,,Meteorite Staff; 1.3x,,,,Pulls target towards caster,,,,,,
Sorcery,Gravity Well - Charged,47205,0,180,0,0,0,1,91,113,9.25,249.75,26,-,0,FALSE,2,0,Gravity,,Meteorite Staff; 1.3x,,Charged Spell,,Pulls target towards caster,,,,,,
Sorcery,Collapsing Stars,47210,0,44,0,0,0,1,30,37,1.5,20.25,27,-,0,FALSE,1,0,Gravity,,Meteorite Staff; 1.3x,,,,Pulls target towards caster,,,,,,
Sorcery,Collapsing Stars,47211,0,44,0,0,0,1,30,37,1.5,20.25,27,-,0,FALSE,1,0,Gravity,,Meteorite Staff; 1.3x,,,,Pulls target towards caster,,,,,,
Sorcery,Collapsing Stars - Charged,47215,0,49,0,0,0,1,30,37,1.7,22.95,35,-,0,FALSE,1,0,Gravity,,Meteorite Staff; 1.3x,,Charged Spell,,Pulls target towards caster,,,,,,
Sorcery,Collapsing Stars - Charged,47216,0,49,0,0,0,1,30,37,1.7,22.95,35,-,0,FALSE,1,0,Gravity,,Meteorite Staff; 1.3x,,Charged Spell,,Pulls target towards caster,,,,,,
Sorcery,Gravitational Missile,210471002,0,279,0,0,0,1,125,156,10,135,29,-,0,FALSE,4,0,Gravity,,Meteorite Staff; 1.3x,,Gravity,,,,,6,,,
Sorcery,Gravitational Missile,210471001,0,30,0,0,0,1,10,12,3,105,29,-,0,FALSE,2,0,Gravity,,Meteorite Staff; 1.3x,,Gravity,,,,,5,,,
Sorcery,Gravitational Missile - Charged,210471052,0,338,0,0,0,1,175,218,10,135,38,-,0,FALSE,4,0,Gravity,,Meteorite Staff; 1.3x,,Gravity,Charged Spell,,,,6,,,
Sorcery,Gravitational Missile - Charged,210471051,0,40,0,0,0,1,10,12,3,105,38,-,0,FALSE,2,0,Gravity,,Meteorite Staff; 1.3x,,Gravity,Charged Spell,,,,5.5,,,
Sorcery,Rock Sling,47100,102,0,0,0,0,1,150,187,9.5,256.5,29,Standard,0,FALSE,2,0,Gravity,,Meteorite Staff; 1.3x,,,,,,,1.5,,,
Sorcery,Blades of Stone,210470000,261,0,0,0,0,1,50,62,8,108,29,Standard,0,FALSE,1,3,Gravity,,Meteorite Staff; 1.3x,,Gravity,,,,,,,,
Sorcery,Blades of Stone - Charged,210470050,302,0,0,0,0,1,50,62,8,108,38,Standard,0,FALSE,1,3,Gravity,,Meteorite Staff; 1.3x,,Gravity,Charged Spell,,,,,,,
Sorcery,Blades of Stone - Charged,210470051,185,0,0,0,0,1,50,62,8,108,38,Standard,0,FALSE,1,3,Gravity,,Meteorite Staff; 1.3x,,Gravity,Charged Spell,,,,,,,
Sorcery,Meteorite,47000,180,100,0,0,0,1,230,287,10.175,274.725,35,Standard,0,FALSE,7,0,Gravity,,Meteorite Staff; 1.3x,,,,,,,,,,
Sorcery,Meteorite (AoE),47001,180,100,0,0,0,1,230,287,10.175,274.725,35,Standard,0,FALSE,7,0,Gravity,,Meteorite Staff; 1.3x,,,,,,,1.6,,,
Sorcery,Meteorite of Astel,47010,185,105,0,0,0,1,230,287,10.175,274.725,40,Standard,0,FALSE,7,0,Gravity,,Meteorite Staff; 1.3x,,,,,,,,,,
Sorcery,Meteorite of Astel (AoE),47011,185,105,0,0,0,1,230,287,10.175,274.725,40,Standard,0,FALSE,7,0,Gravity,,Meteorite Staff; 1.3x,,,,,,,1.6,,,
Sorcery,Glintstone Nail,210450000,0,216,0,0,0,1,15,18,3,40.5,21,-,0,FALSE,1,2,Finger,,Maternal Staff; 1.15x,,Finger,,,,,,,,
Sorcery,Glintstone Nail - Charged,210450050,0,269,0,0,0,1,15,18,5,67.5,27,-,0,FALSE,1,2,Finger,,Maternal Staff; 1.15x,,Finger,Charged Spell,,,,,,,
Sorcery,Glintstone Nails,210451000,0,66,0,0,0,1,10,12,2,27,26,-,0,FALSE,1,2,Finger,,Maternal Staff; 1.15x,,Finger,,,,,,,,
Sorcery,Glintstone Nails - Charged,210451050,0,75,0,0,0,1,10,12,4,54,34,-,0,FALSE,1,2,Finger,,Maternal Staff; 1.15x,,Finger,Charged Spell,,,,,,,
Sorcery,Fleeting Microcosm,210741000,0,120,0,0,0,1,50,62,7,94.5,35,-,0,FALSE,3,3,Finger,,Maternal Staff; 1.15x,,Finger,,,,,3,,,
Sorcery,Fleeting Microcosm,210741001,0,214,0,0,0,1,100,125,7,94.5,35,-,0,FALSE,7,5,Finger,,Maternal Staff; 1.15x,,Finger,,,,,4.5,,,
Sorcery,Fleeting Microcosm - Charged,210741050,0,160,0,0,0,1,70,87,7,94.5,46,-,0,FALSE,3,3,Finger,,Maternal Staff; 1.15x,,Finger,Charged Spell,,,,3,,,
Sorcery,Fleeting Microcosm - Charged,210741051,0,271,0,0,0,1,140,175,11,148.5,46,-,0,FALSE,7,5,Finger,,Maternal Staff; 1.15x,,Finger,Charged Spell,,,,6,,,
Sorcery,Cherishing Fingers,210742000,253,0,0,0,0,1,150,187,11,148.5,20,Strike,0,FALSE,2,3,Finger,,Maternal Staff; 1.15x,,Finger,,,,,2.8,,,
Sorcery,Cherishing Fingers - Charged,210742050,347,0,0,0,0,1,200,250,15,202.5,26,Strike,0,FALSE,7,0,Finger,,Maternal Staff; 1.15x,,Finger,Charged Spell,,,,3.2,,,
Sorcery,Oracle Bubbles,51000,0,54,0,0,0,1,25,31,2.4,64.8,18,-,0,FALSE,1,4,,,,,,,,,,,,,
Sorcery,Oracle Bubbles - Charged,51005,0,65,0,0,0,1,32,40,3.5,94.5,23,-,0,FALSE,1,4,,,,,Charged Spell,,,,,,,,
Sorcery,Great Oracular Bubble,51010,0,298,0,0,0,1,240,300,14.4,388.8,27,-,0,FALSE,3,0,,,,,,,,,,,,,
Sorcery,Great Oracular Bubble - Charged,51015,0,355,0,0,0,1,300,375,20,540,35,-,0,FALSE,3,0,,,,,Charged Spell,,,,,,,,
Sorcery,Briars of Sin,49000,0,200,0,0,0,1,70,87,7,94.5,26,-,0,FALSE,2,0,Thorn / Aberrant,,Staff of the Guilty; 1.2x,,,,Damages caster for 80 HP and applies 30 bleed buildup,,,2.5,Bleed,95,Target loses ⌊MaxHP * 0.15⌋ + 100 HP on proc
Sorcery,Briars of Sin,49001,0,232,0,0,0,1,65,81,7.5,101.25,26,-,0,FALSE,2,0,Thorn / Aberrant,,Staff of the Guilty; 1.2x,,,,Damages caster for 80 HP and applies 30 bleed buildup,,,3.5,Bleed,95,Target loses ⌊MaxHP * 0.15⌋ + 100 HP on proc
Sorcery,Briars of Sin,49002,0,233,0,0,0,1,70,87,8,108,26,-,0,FALSE,2,0,Thorn / Aberrant,,Staff of the Guilty; 1.2x,,,,Damages caster for 80 HP and applies 30 bleed buildup,,,4.5,Bleed,95,Target loses ⌊MaxHP * 0.15⌋ + 100 HP on proc
Sorcery,Briars of Punishment,49100,0,212,0,0,0,1,70,87,7,189,22,-,0,FALSE,2,0,Thorn / Aberrant,,Staff of the Guilty; 1.2x,,,,Damages caster for 50 HP and applies 25 bleed buildup,,,,Bleed,72,Target loses ⌊MaxHP * 0.15⌋ + 100 HP on proc
Sorcery,Mantle of Thorns,,,,,,,,,,,,22,,,,,,Thorn / Aberrant,,Staff of the Guilty; 1.2x,,,,Adds 87 physical attack power to rolling; damages caster for 50 HP and applies 25 bleed buildup,,30,,,,
Sorcery,Impenetrable Thorns,210491000,0,63,0,0,0,0.8,10,12,1.67,22.545,22,-,0,FALSE,2,0,Thorn / Aberrant,,Staff of the Guilty; 1.2x,,Thorn / Aberrant,,Damages caster for 50 HP and applies 25 bleed buildup; each thorn tendril hits 3 times,,,,Bleed,17,Target loses ⌊MaxHP * 0.15⌋ + 100 HP on proc
Sorcery,Rancorcall,50000,0,54,0,0,0,1,11,13,1,13.5,21,-,0,FALSE,1,0,Death,,Prince of Death's Staff; 1.1x,,,,,,,,,,
Sorcery,Rancorcall - Charged,50005,0,57,0,0,0,1,14,17,1.5,20.25,27,-,0,FALSE,1,0,Death,,Prince of Death's Staff; 1.1x,,Charged Spell,,,,,,,,
Sorcery,Ancient Death Rancor,50011,0,49,0,0,0,1,12,15,1.5,20.25,27,-,0,FALSE,3,0,Death,,Prince of Death's Staff; 1.1x,,,,,,,,,,
Sorcery,Ancient Death Rancor - Charged,50016,0,52,0,0,0,1,15,18,2,27,35,-,0,FALSE,3,0,Death,,Prince of Death's Staff; 1.1x,,Charged Spell,,,,,,,,
Sorcery,Rings of Spectral Light,210500000,0,53,0,0,0,1,20,25,1,13.5,21,-,0,FALSE,0,0,Spectral Light,,,,Death,,,,,,Frost,19,Target loses ⌊MaxHP * 0.1⌋ + 30 HP on proc; target damage negation decreased by -20% for 10 seconds
Sorcery,Rings of Spectral Light - Charged,210500050,0,63,0,0,0,1,20,25,1.5,20.25,27,-,0,FALSE,0,0,Spectral Light,,,,Death,Charged Spell,,,,,Frost,19,Target loses ⌊MaxHP * 0.1⌋ + 30 HP on proc; target damage negation decreased by -20% for 10 seconds
Sorcery,Explosive Ghostflame,50100,0,312,0,0,0,1,340,425,16.114,435.078,45,-,0,FALSE,7,0,Death,,Prince of Death's Staff; 1.1x,,,,,,,6,Frost,130,Target loses ⌊MaxHP * 0.1⌋ + 30 HP on proc; target damage negation decreased by -20% for 30 seconds
Sorcery,Explosive Ghostflame,50101,0,60,0,0,0,1,10,12,1,27,45,-,0,FALSE,0,0,Death,,Prince of Death's Staff; 1.1x,,,,,,,1.45,Frost,38,Target loses ⌊MaxHP * 0.1⌋ + 30 HP on proc; target damage negation decreased by -20% for 30 seconds
Sorcery,Fia's Mist,50200,0,0,0,0,0,1,0,0,0,0,13,-,0,FALSE,0,0,Death,,Prince of Death's Staff; 1.1x,,,,Creates a mist that applies death to targets within range; the 20 death ticks 2.5/s for 6 seconds (15 total ticks),,5,2.8,Death,20,Target dies on proc; only works on player-model entities
Sorcery,Fia's Mist - Charged,50205,0,0,0,0,0,1,0,0,0,0,17,-,0,FALSE,0,0,Death,,Prince of Death's Staff; 1.1x,,Charged Spell,,Creates a mist that applies death to targets within range; the 20 death ticks 2.5/s for 6 seconds (15 total ticks),,5,5,Death,20,Target dies on proc; only works on player-model entities
Sorcery,Tibia's Summons,50300,0,125,0,0,0,1,30,37,5,67.5,27,-,0,FALSE,2,0,Death,,Prince of Death's Staff; 1.1x,,,,,,,,,,
Sorcery,Mass of Putrescence,210621000,0,80,0,0,0,1,20,25,5,135,42,-,0,FALSE,1,0,,,,,,,,,,,Frost,40,Target loses ⌊MaxHP * 0.1⌋ + 30 HP on proc; target damage negation decreased by -20% for 10 seconds
Sorcery,Mass of Putrescence,210621001,0,200,0,0,0,1,50,50,7,70,42,-,0,FALSE,3,0,,,,,,,,,,,Frost,120,Target loses ⌊MaxHP * 0.1⌋ + 30 HP on proc; target damage negation decreased by -20% for 10 seconds
Sorcery,Mass of Putrescence - Charged,210621050,0,100,0,0,0,1,20,25,5,135,55,-,0,FALSE,1,0,,,,,Charged Spell,,,,,,Frost,50,Target loses ⌊MaxHP * 0.1⌋ + 30 HP on proc; target damage negation decreased by -20% for 10 seconds
Sorcery,Mass of Putrescence - Charged,210621051,0,300,0,0,0,1,100,100,13,130,55,-,0,FALSE,3,0,,,,,Charged Spell,,,,,,Frost,150,Target loses ⌊MaxHP * 0.1⌋ + 30 HP on proc; target damage negation decreased by -20% for 10 seconds
Sorcery,Vortex of Putrescence,210620000,0,328,0,0,0,1,50,62,5,67.5,45,-,0,FALSE,1,0,,,,,,,,,,,Frost,170,Target loses ⌊MaxHP * 0.1⌋ + 30 HP on proc; target damage negation decreased by -20% for 10 seconds
Incantation,Urgent Heal,64200,0,0,0,0,0,1,0,0,0,0,30,-,0,FALSE,0,0,,,,,,,Heals caster for 1.15x spell buff (only uses faith scaling),,,,,,
Incantation,Heal - Self,64210,0,0,0,0,0,1,0,0,0,0,35,-,0,FALSE,0,0,,,,,,,Heals caster for 2.3x spell buff (only uses faith scaling),,,,,,
Incantation,Heal - Ally,64211,0,0,0,0,0,1,0,0,0,0,35,-,0,FALSE,0,0,,,,,,,Heals friendly targets in range for 1.15x spell buff (only uses faith scaling),,,6,,,
Incantation,Heal - Those Who Live in Death,64211,0,0,0,0,0,1,0,0,0,0,35,-,0,FALSE,0,0,,,,,,,Damages Those Who Live in Death for ⌊MaxHP * 0.5⌋ + 300 HP,,,6,,,
Incantation,Great Heal - Self,64220,0,0,0,0,0,1,0,0,0,0,40,-,0,FALSE,0,0,,,,,,,Heals caster for 3.64x spell buff (only uses faith scaling),,,,,,
Incantation,Great Heal - Ally,64221,0,0,0,0,0,1,0,0,0,0,40,-,0,FALSE,0,0,,,,,,,Heals friendly targets in range for 2.07x spell buff (only uses faith scaling),,,6,,,
Incantation,Great Heal - Those Who Live in Death,64221,0,0,0,0,0,1,0,0,0,0,40,-,0,FALSE,0,0,,,,,,,Damages Those Who Live in Death for ⌊MaxHP * 0.5⌋ + 300 HP,,,6,,,
Incantation,Lord's Heal - Self,64230,0,0,0,0,0,1,0,0,0,0,45,-,0,FALSE,0,0,,,,,,,Heals caster for 4.2x spell buff (only uses faith scaling),,,,,,
Incantation,Lord's Heal - Ally,64231,0,0,0,0,0,1,0,0,0,0,45,-,0,FALSE,0,0,,,,,,,Heals friendly targets in range for 2.1x spell buff (only uses faith scaling),,,6,,,
Incantation,Lord's Heal - Those Who Live in Death,64231,0,0,0,0,0,1,0,0,0,0,45,-,0,FALSE,0,0,,,,,,,Damages Those Who Live in Death for ⌊MaxHP * 0.5⌋ + 300 HP,,,6,,,
Incantation,Cure Poison,64400,0,0,0,0,0,1,0,0,0,0,10,-,0,FALSE,0,0,,,,,,,Removes any buildup for and cures poison,,,,,,
Incantation,Lord's Aid,64410,0,0,0,0,0,1,0,0,0,0,10,-,0,FALSE,0,0,,,,,,,"Removes any buildup for and cures poison, bleed, and sleep for caster and allies in range",,,6,,,
Incantation,Magic Fortification,,,,,,,,,,,,13,,,,,,,,,,,,Increases magic damage negation by 35% (10% in PvP),10%,90,,,,
Incantation,Flame Fortification,,,,,,,,,,,,13,,,,,,,,,,,,Increases fire damage negation by 35% (10% in PvP),10%,90,,,,
Incantation,Lightning Fortification,,,,,,,,,,,,13,,,,,,,,,,,,Increases lightning damage negation by 35% (10% in PvP),10%,90,,,,
Incantation,Divine Fortification,,,,,,,,,,,,13,,,,,,,,,,,,Increases holy damage negation by 35% (10% in PvP),10%,90,,,,
Incantation,Lord's Divine Fortification,,,,,,,,,,,,20,,,,,,,,,,,,Increases holy damage negation by 60% (20% in PvP) for caster and allies in range,20%,70,6,,,
Incantation,Rejection,64000,0,0,0,0,0,1,180,225,10.175,274.725,24,-,0,FALSE,7,0,,,,,,,,,,2,,,
Incantation,Rejection - Charged,64005,0,0,0,0,0,1,220,275,14.4,388.8,31,-,0,FALSE,7,0,,,,,Charged Spell,,,,,4,,,
Incantation,Shadow Bait,65200,0,0,0,0,0,1,0,0,0,0,14,-,0,FALSE,0,0,,,,,,,,,,,,,
Incantation,Shadow Bait,65201,0,0,0,0,0,1,0,0,0,0,14,-,0,FALSE,0,0,,,,,,,,,3,15,,,
Incantation,Darkness,65300,0,0,0,0,0,1,0,0,0,0,24,-,0,FALSE,0,0,,,,,,,,,,,,,
Incantation,Darkness,65301,0,0,0,0,0,1,0,0,0,0,24,-,0,FALSE,1,0,,,,,,,Blinds target,,7,5,,,
Incantation,Assassin's Approach,65101,0,0,0,0,0,1,0,0,0,0,13,-,0,FALSE,0,0,,,,,,,Makes caster transparent and makes footsteps silent,,30,,,,
Incantation,Golden Vow,66000,0,0,0,0,0,1,0,0,0,0,50,-,0,FALSE,0,0,,,,,,,1.15x damage and increases damage negation by 10% (1.075x and 5% in PvP) for caster and allies in range,1.075x/5%,80,6,,,
Incantation,Barrier of Gold,63300,0,0,0,0,0,1,0,0,0,0,13,-,0,FALSE,0,0,,,,,,,Increases magic damage negation by 60% (20% in PvP) for caster and allies in range,20%,70,6,,,
Incantation,Golden Lightning Fortification,79030,0,0,0,0,0,1,0,0,0,0,20,-,0,FALSE,0,0,,,,,,,Increases lightning damage negation by 60% (20% in PvP) for caster and allies in range,20%,70,6,,,
Incantation,Protection of the Erdtree,63400,0,0,0,0,0,1,0,0,0,0,50,-,0,FALSE,0,0,,,,,,,Increases elemental damage negation by 30% (10% in PvP) for caster and allies in range,10%,70,6,,,
Incantation,Wrath of Gold,64100,0,0,0,0,350,1,240,300,12.025,324.675,44,-,0,FALSE,7,0,,,,,,,,,,4,,,
Incantation,Wrath of Gold - Charged,64105,0,0,0,0,420,1,290,362,16.8,453.6,57,-,0,FALSE,7,0,,,,,Charged Spell,,,,,5,,,
Incantation,Wrath from Afar,210669000,0,0,0,0,100,1,180,225,10,270,24,-,0,FALSE,7,0,,,,,,,,,,2,,,
Incantation,Wrath from Afar,210669050,0,0,0,0,120,1,220,275,15,405,24,-,0,FALSE,7,0,,,,,Charged Spell,,,,,3,,,
Incantation,Heal from Afar - Self,210640001,0,0,0,0,0,1,0,0,0,0,40,-,0,FALSE,0,0,,,,,,,Heals caster for 4.2x spell buff (only uses faith scaling),,,6,,,
Incantation,Heal from Afar - Ally,210640001,0,0,0,0,0,1,0,0,0,0,40,-,0,FALSE,0,0,,,,,,,Heals friendly targets in range for 3.36x spell buff (only uses faith scaling),,,6,,,
Incantation,Heal from Afar - Those Who Live in Death,210640001,0,0,0,0,0,1,0,0,0,0,40,-,0,FALSE,0,0,,,,,,,Damages Those Who Live in Death for ⌊MaxHP * 0.5⌋ + 300 HP,,,6,,,
Incantation,Erdtree Heal - Self,64240,0,0,0,0,0,1,0,0,0,0,50,-,0,FALSE,0,0,,,,,,,Heals caster for 5.9x spell buff (only uses faith scaling),,,,,,
Incantation,Erdtree Heal - Ally,64241,0,0,0,0,0,1,0,0,0,0,50,-,0,FALSE,0,0,,,,,,,Heals friendly targets in range for 3.98x spell buff (only uses faith scaling),,,15,,,
Incantation,Erdtree Heal - Those Who Live in Death,64241,0,0,0,0,0,1,0,0,0,0,50,-,0,FALSE,0,0,,,,,,,Damages Those Who Live in Death for ⌊MaxHP * 0.5⌋ + 300 HP,,,15,,,
Incantation,Blessing's Boon - Self,64300,0,0,0,0,0,1,0,0,0,0,30,-,0,FALSE,0,0,,,,,,,Heals caster for 8 HP/s,,90,,,,
Incantation,Blessing's Boon - Ally,64301,0,0,0,0,0,1,0,0,0,0,30,-,0,FALSE,0,0,,,,,,,Heals friendly targets in range for 8 HP/s,,90,6,,,
Incantation,Blessing's Boon - Those Who Live in Death,64301,0,0,0,0,0,1,0,0,0,0,30,-,0,FALSE,0,0,,,,,,,Damages Those Who Live in Death for ⌊MaxHP * 0.03⌋ + 10 HP/s,,30,6,,,
Incantation,Blessing of the Erdtree - Self,64310,0,0,0,0,0,1,0,0,0,0,50,-,0,FALSE,0,0,,,,,,,Heals caster for 12 HP/s,,90,,,,
Incantation,Blessing of the Erdtree - Ally,64311,0,0,0,0,0,1,0,0,0,0,50,-,0,FALSE,0,0,,,,,,,Heals friendly targets in range for 12 HP/s,,90,15,,,
Incantation,Blessing of the Erdtree - Those Who Live in Death,64311,0,0,0,0,0,1,0,0,0,0,50,-,0,FALSE,0,0,,,,,,,Damages Those Who Live in Death for ⌊MaxHP * 0.03⌋ + 10 HP/s,,30,15,,,
Incantation,Minor Erdtree - Heal,210667000,0,0,0,0,0,1,0,0,0,0,30,-,0,FALSE,0,0,,,,,,,Creates a small Erdtree that heals caster and nearby allies for 18 HP every 0.45 seconds while in range (effective 40 HP/s),,30,3,,,
Incantation,Minor Erdtree - Those Who Live in Death,210667000,0,0,0,0,0,1,0,0,0,0,30,-,0,FALSE,0,0,,,,,,,Damages Those Who Live in Death for ⌊MaxHP * 0.03⌋ + 10 HP/s,,30,3,,,
Incantation,Aspects of the Crucible: Breath,75200,0,0,98,0,0,1,70,87,4,54,40,-,0,FALSE,2,0,Aspects of the Crucible,,,,Breath Attack,,,,,,,,
Incantation,Aspects of the Crucible: Tail - Charged 1st Hit/Uncharged,75000,202,0,0,0,0,1,200,250,13,351,42,Standard,0,FALSE,2,0,Aspects of the Crucible,,,,,,,,,,,,
Incantation,Aspects of the Crucible: Tail - Charged 2nd Hit,75005,274,0,0,0,0,1,270,337,39,1053,42,Standard,0,FALSE,7,0,Aspects of the Crucible,,,,Charged Spell,,,,,,,,
Incantation,Aspects of the Crucible: Horns,75100,277,0,0,0,0,1,240,300,16.114,435.078,38,Standard,0,FALSE,3,0,Aspects of the Crucible,,,,,,,,,,,,
Incantation,Aspects of the Crucible: Horns - Charged,75105,327,0,0,0,0,1,300,375,30,810,49,Standard,0,FALSE,9,0,Aspects of the Crucible,,,,Charged Spell,,,,,,,,
Incantation,Aspects of the Crucible: Horns (Offhand),75101,277,0,0,0,0,1,240,300,16.114,435.078,38,Standard,0,FALSE,3,0,Aspects of the Crucible,,,,,,,,,,,,
Incantation,Aspects of the Crucible: Horns (Offhand) - Charged,75106,327,0,0,0,0,1,300,375,30,810,49,Standard,0,FALSE,9,0,Aspects of the Crucible,,,,Charged Spell,,,,,,,,
Incantation,Aspects of the Crucible: Thorns,210665000,45,0,0,0,0,1,15,18,0.6,8.1,29,Pierce,0,FALSE,1,1,Aspects of the Crucible,38 - Godfrey Icon,,,Aspects of the Crucible,,,,,,,,
Incantation,Aspects of the Crucible: Thorns - Charged,210665001,120,0,0,0,0,1,85,106,5,67.5,38,Pierce,0,FALSE,2,0,Aspects of the Crucible,38 - Godfrey Icon,,,Aspects of the Crucible,,,,,,,,
Incantation,Aspects of the Crucible: Bloom,210666000,0,0,0,0,80,1,20,25,2,27,20,-,0,FALSE,1,0,Aspects of the Crucible,,,,Aspects of the Crucible,,,,,,,,
Incantation,Aspects of the Crucible: Bloom - Charged,210666050,0,0,0,0,100,1,20,25,2,27,26,-,0,FALSE,1,0,Aspects of the Crucible,,,,Aspects of the Crucible,Charged Spell,,,,,,,
Incantation,Land of Shadow,210668000,0,0,0,0,150,1,150,187,10,135,48,-,0,FALSE,7,5,,,,,,,,,,3.5,,,
Incantation,Land of Shadow - Orbs,210668001,0,0,0,0,65,1,20,25,2,27,48,-,0,FALSE,0,0,,,,,,,,,,,,,
Incantation,Elden Stars,67202,0,0,0,0,61,1,5,6,0.5,6.75,48,-,0,FALSE,1,0,,,,,,,,,,,,,
Incantation,Elden Stars,67200,0,0,0,0,20,1,5,6,0.5,6.75,48,-,0,FALSE,0,0,,,,,,,,,,,,,
Incantation,Elden Stars,67201,0,0,0,0,199,1,230,287,14.4,194.4,48,-,0,FALSE,3,0,,,,,,,,,,4.2,,,
Incantation,Black Blade,75300,0,0,0,0,225,1,145,181,9,243,44,-,0,FALSE,3,0,,,,,,,,,,,,,
Incantation,Black Blade - Bullet,75301,0,0,0,0,162,1,115,143,4,108,44,-,0,FALSE,3,0,,,,,,,Damages target for ⌊MaxHP * 0.001⌋ + 1 (ticks 10/s for 2 seconds; 20 total ticks); decreases target max HP by 0.9x for 15 seconds,,,,,,
Incantation,Black Blade,75302,0,0,0,0,232,1,160,200,9,243,44,-,0,FALSE,3,0,,,,,,,,,,,,,
Incantation,Black Blade - Bullet,75303,0,0,0,0,169,1,125,156,4,108,44,-,0,FALSE,3,0,,,,,,,Damages target for ⌊MaxHP * 0.001⌋ + 1 (ticks 10/s for 2 seconds; 20 total ticks); decreases target max HP by 0.9x for 15 seconds,,,,,,
Incantation,Black Blade,75304,0,0,0,0,225,1,145,181,9,243,44,-,0,FALSE,3,0,,,,,,,,,,,,,
Incantation,Black Blade - Bullet,75305,0,0,0,0,162,1,115,143,4,108,44,-,0,FALSE,3,0,,,,,,,Damages target for ⌊MaxHP * 0.001⌋ + 1 (ticks 10/s for 2 seconds; 20 total ticks); decreases target max HP by 0.9x for 15 seconds,,,,,,
Incantation,Black Blade,75306,0,0,0,0,232,1,160,200,9,243,44,-,0,FALSE,3,0,,,,,,,,,,,,,
Incantation,Black Blade - Bullet,75307,0,0,0,0,169,1,125,156,4,108,44,-,0,FALSE,3,0,,,,,,,Damages target for ⌊MaxHP * 0.001⌋ + 1 (ticks 10/s for 2 seconds; 20 total ticks); decreases target max HP by 0.9x for 15 seconds,,,,,,
Incantation,Discus of Light,67000,0,0,0,0,150,1,40,50,2,27,20,-,0,FALSE,0,0,Golden Order Fundamentalist,Golden Ring of Light,Golden Order Seal; 1.1x,Dryleaf Seal; 1.15x,,,,,,,,,
Incantation,Discus of Light,67001,0,0,0,0,150,1,40,50,2,27,20,-,0,FALSE,0,0,Golden Order Fundamentalist,Golden Ring of Light,Golden Order Seal; 1.1x,Dryleaf Seal; 1.15x,,,,,,,,,
Incantation,Discus of Light,67002,0,0,0,0,150,1,40,50,2,27,20,-,0,FALSE,0,0,Golden Order Fundamentalist,Golden Ring of Light,Golden Order Seal; 1.1x,Dryleaf Seal; 1.15x,,,,,,,,,
Incantation,Discus of Light,67003,0,0,0,0,150,1,40,50,2,27,20,-,0,FALSE,0,0,Golden Order Fundamentalist,Golden Ring of Light,Golden Order Seal; 1.1x,Dryleaf Seal; 1.15x,,,,,,,,,
Incantation,Triple Rings of Light,67010,0,0,0,0,155,1,50,62,3,40.5,28,-,0,FALSE,0,0,Golden Order Fundamentalist,Golden Ring of Light,Golden Order Seal; 1.1x,Dryleaf Seal; 1.15x,,,,,,,,,
Incantation,Triple Rings of Light,67011,0,0,0,0,155,1,50,62,3,40.5,28,-,0,FALSE,0,0,Golden Order Fundamentalist,Golden Ring of Light,Golden Order Seal; 1.1x,Dryleaf Seal; 1.15x,,,,,,,,,
Incantation,Triple Rings of Light,67012,0,0,0,0,155,1,50,62,3,40.5,28,-,0,FALSE,0,0,Golden Order Fundamentalist,Golden Ring of Light,Golden Order Seal; 1.1x,Dryleaf Seal; 1.15x,,,,,,,,,
Incantation,Triple Rings of Light,67013,0,0,0,0,155,1,50,62,3,40.5,28,-,0,FALSE,0,0,Golden Order Fundamentalist,Golden Ring of Light,Golden Order Seal; 1.1x,Dryleaf Seal; 1.15x,,,,,,,,,
Incantation,Triple Rings of Light,67014,0,0,0,0,155,1,50,62,3,40.5,28,-,0,FALSE,0,0,Golden Order Fundamentalist,Golden Ring of Light,Golden Order Seal; 1.1x,Dryleaf Seal; 1.15x,,,,,,,,,
Incantation,Radagon's Rings of Light,67100,0,0,0,0,310,1,170,212,10.175,274.725,37,-,0,FALSE,3,0,Golden Order Fundamentalist,Golden Ring of Light,Golden Order Seal; 1.1x,Dryleaf Seal; 1.15x,,,,,,,,,
Incantation,Radagon's Rings of Light - Charged,67105,0,0,0,0,395,1,221,276,14.4,388.8,48,-,0,FALSE,7,0,Golden Order Fundamentalist,Golden Ring of Light,Golden Order Seal; 1.1x,Dryleaf Seal; 1.15x,Charged Spell,,,,,,,,
Incantation,Multilayered Ring of Light,210671000,0,0,0,0,200,1,100,125,8,108,28,-,0,FALSE,2,0,Golden Ring of Light,,Dryleaf Seal; 1.15x,,Golden Ring of Light,,,,,,,,
Incantation,Multilayered Ring of Light,210671001,0,0,0,0,40,1,20,25,1.5,20.25,28,-,0,FALSE,0,0,Golden Ring of Light,,Dryleaf Seal; 1.15x,,Golden Ring of Light,,,,,,,,
Incantation,Multilayered Ring of Light - Charged,210671050,0,0,0,0,250,1,150,187,10,135,36,-,0,FALSE,2,0,Golden Ring of Light,,Dryleaf Seal; 1.15x,,Golden Ring of Light,Charged Spell,,,,,,,
Incantation,Multilayered Ring of Light - Charged,210671051,0,0,0,0,45,1,20,25,1.5,20.25,36,-,0,FALSE,0,0,Golden Ring of Light,,Dryleaf Seal; 1.15x,,Golden Ring of Light,Charged Spell,,,,,,,
Incantation,Litany of Proper Death,67500,0,0,0,0,56,1,60,75,5,67.5,28,-,0,FALSE,1,0,Golden Order Fundamentalist,,Golden Order Seal; 1.1x,,,,10x damage to Those Who Live in Death,,,,,,
Incantation,Order Healing,67800,0,0,0,0,0,1,0,0,0,0,10,-,0,FALSE,0,0,Golden Order Fundamentalist,,Golden Order Seal; 1.1x,,,,Removes death buildup,,,,,,
Incantation,Order's Blade,,,,,,,,,,,,10,,,,,,Golden Order Fundamentalist,,Golden Order Seal; 1.1x,,,,Adds holy AR to weapon (0.75 * Spell Buff; only uses faith scaling) and does 2x damage to Those Who Live in Death,,90,,,,
Incantation,Immutable Shield,,,,,,,,,,,,10,,,,,,Golden Order Fundamentalist,,Golden Order Seal; 1.1x,,,,Shield blocks 100% of elemental damage and status build-up,,30,,,,
Incantation,Law of Causality,67600,0,0,0,0,487,1,500,625,7,94.5,20,-,0,FALSE,7,0,Golden Order Fundamentalist,,Golden Order Seal; 1.1x,,,,Does not scale,,,4,,,
Incantation,Law of Causality,67601,0,0,0,0,0,1,0,0,0,0,20,-,0,FALSE,0,0,Golden Order Fundamentalist,,Golden Order Seal; 1.1x,,,,Causes the above attack to trigger after 5 hits - hit count resets after 7 seconds,,120,,,,
Incantation,Law of Regression,67300,0,0,0,0,0,1,0,0,0,0,50,-,0,FALSE,0,0,Golden Order Fundamentalist,,Golden Order Seal; 1.1x,,,,,,,1,,,
Incantation,Law of Regression,67300,0,0,0,0,0,1,0,0,0,0,50,-,0,FALSE,0,0,Golden Order Fundamentalist,,Golden Order Seal; 1.1x,,,,,,,1,,,
Incantation,Law of Regression,67300,0,0,0,0,0,1,0,0,0,0,50,-,0,FALSE,0,0,Golden Order Fundamentalist,,Golden Order Seal; 1.1x,,,,,,,1,,,
Incantation,Law of Regression,67301,0,0,0,0,0,1,0,0,0,0,50,-,0,FALSE,0,0,Golden Order Fundamentalist,,Golden Order Seal; 1.1x,,,,,,,15,,,
Incantation,Law of Regression,67301,0,0,0,0,0,1,0,0,0,0,50,-,0,FALSE,0,0,Golden Order Fundamentalist,,Golden Order Seal; 1.1x,,,,,,,15,,,
Incantation,Law of Regression,67301,0,0,0,0,0,1,0,0,0,0,50,-,0,FALSE,0,0,Golden Order Fundamentalist,,Golden Order Seal; 1.1x,,,,,,,15,,,
Incantation,Law of Regression,67301,0,0,0,0,0,1,0,0,0,0,50,-,0,FALSE,0,0,Golden Order Fundamentalist,,Golden Order Seal; 1.1x,,,,,,,15,,,
Incantation,Light of Miquella - Main Beam,210670000,0,0,0,0,375,1,250,312,20,270,60,-,0,FALSE,7,5,Miquella's Light,,,,,,,,,6,,,
Incantation,Light of Miquella - Small Beams,210670001,0,0,0,0,70,1,20,25,2,27,60,-,0,FALSE,1,0,Miquella's Light,,,,,,,,,1,,,
Incantation,Lightning Spear,69000,0,0,0,234,0,1,50,62,5,67.5,28,-,0,FALSE,2,0,Dragon Cult,,Gravel Stone Seal; 1.15x,,,,,,,,,,
Incantation,Lightning Spear (Water AoE),69001,0,0,0,50,0,1,40,50,2,27,28,-,0,FALSE,1,0,Dragon Cult,,Gravel Stone Seal; 1.15x,,,,,,,,,,
Incantation,Lightning Spear - Charged,69005,0,0,0,293,0,1,60,75,9.25,249.75,36,-,0,FALSE,3,0,Dragon Cult,,Gravel Stone Seal; 1.15x,,Charged Spell,,,,,,,,
Incantation,Lightning Spear - Charged (Water AoE),69006,0,0,0,50,0,1,40,50,2,54,36,-,0,FALSE,1,0,Dragon Cult,,Gravel Stone Seal; 1.15x,,Charged Spell,,,,,,,,
Incantation,Knight's Lightning Spear,210690000,0,0,0,138,0,1.4,50,62,5,135,31,-,0,FALSE,2,3,Dragon Cult,,Gravel Stone Seal; 1.15x,,Dragon Cult,,,,,,,,
Incantation,Knight's Lightning Spear (Above Head - Hits 2x),210690002,0,0,0,138,0,0.8,50,62,5,135,31,-,0,FALSE,2,3,Dragon Cult,,Gravel Stone Seal; 1.15x,,Dragon Cult,,,,,,,,
Incantation,Knight's Lightning Spear (Water AoE),210690001,0,0,0,50,0,1,40,50,2,27,31,-,0,FALSE,1,0,Dragon Cult,,Gravel Stone Seal; 1.15x,,Dragon Cult,,,,,,,,
Incantation,Knight's Lightning Spear - Charged,210690050,0,0,0,164,0,1.4,60,75,9.25,249.75,40,-,0,FALSE,3,3,Dragon Cult,,Gravel Stone Seal; 1.15x,,Dragon Cult,Charged Spell,,,,,,,
Incantation,Knight's Lightning Spear - Charged (Above Head - Hits 2x),210690052,0,0,0,164,0,0.8,60,75,9.25,249.75,40,-,0,FALSE,3,3,Dragon Cult,,Gravel Stone Seal; 1.15x,,Dragon Cult,Charged Spell,,,,,,,
Incantation,Knight's Lightning Spear - Charged (Water AoE),210690051,0,0,0,50,0,1,40,50,2,27,40,-,0,FALSE,1,0,Dragon Cult,,Gravel Stone Seal; 1.15x,,Dragon Cult,Charged Spell,,,,,,,
Incantation,Lightning Strike,69200,0,0,0,246,0,1,70,87,5,67.5,32,-,0,FALSE,1,0,Dragon Cult,,Gravel Stone Seal; 1.15x,,,,,,,,,,
Incantation,Lightning Strike (Water AoE),69201,0,0,0,50,0,1,40,50,2,27,32,-,0,FALSE,1,0,Dragon Cult,,Gravel Stone Seal; 1.15x,,,,,,,,,,
Incantation,Honed Bolt,69300,0,0,0,205,0,1,60,75,5,67.5,29,-,0,FALSE,1,0,Dragon Cult,,Gravel Stone Seal; 1.15x,,,,,,,,,,
Incantation,Honed Bolt (Water AoE),69301,0,0,0,50,0,1,40,50,2,27,29,-,0,FALSE,1,0,Dragon Cult,,Gravel Stone Seal; 1.15x,,,,,,,,,,
Incantation,Ancient Dragons' Lightning Spear,69400,0,0,0,360,0,1,140,175,16.8,453.6,29,-,0,FALSE,7,0,Dragon Cult,,Gravel Stone Seal; 1.15x,,,,,,,0.2,,,
Incantation,Ancient Dragons' Lightning Spear,69402,0,0,0,285,0,1,100,125,16.8,453.6,29,-,0,FALSE,7,0,Dragon Cult,,Gravel Stone Seal; 1.15x,,,,,,,3,,,
Incantation,Ancient Dragons' Lightning Spear,69401,0,0,0,122,0,1,60,75,5,135,29,-,0,FALSE,2,0,Dragon Cult,,Gravel Stone Seal; 1.15x,,,,,,,2,,,
Incantation,Ancient Dragons' Lightning Strike,69100,0,0,0,317,0,1,70,87,5,67.5,31,-,0,FALSE,1,0,Dragon Cult,,Gravel Stone Seal; 1.15x,,,,,,,,,,
Incantation,Ancient Dragons' Lightning Strike (Water AoE),69101,0,0,0,50,0,1,40,50,2,27,31,-,0,FALSE,1,0,Dragon Cult,,Gravel Stone Seal; 1.15x,,,,,,,,,,
Incantation,Ancient Dragons' Lightning Strike - Charged,69105,0,0,0,379,0,1,91,113,9.25,124.875,40,-,0,FALSE,2,0,Dragon Cult,,Gravel Stone Seal; 1.15x,,Charged Spell,,,,,,,,
Incantation,Ancient Dragons' Lightning Strike - Charged (Water AoE),69106,0,0,0,50,0,1,40,50,2,27,40,-,0,FALSE,1,0,Dragon Cult,,Gravel Stone Seal; 1.15x,,Charged Spell,,,,,,,,
Incantation,Lansseax's Glaive,69500,0,0,0,325,0,1,230,287,12,324,45,-,0,FALSE,7,0,Dragon Cult,,Gravel Stone Seal; 1.15x,,,,,,,,,,
Incantation,Lansseax's Glaive (Offhand),69501,0,0,0,325,0,1,230,287,12,324,45,-,0,FALSE,7,0,Dragon Cult,,Gravel Stone Seal; 1.15x,,,,,,,,,,
Incantation,Lansseax's Glaive - Bullet,69502,0,0,0,167,0,1,60,75,5,135,45,-,0,FALSE,2,0,Dragon Cult,,Gravel Stone Seal; 1.15x,,,,,,,2,,,
Incantation,Fortissax's Lightning Spear 1,69410,0,0,0,367,0,1,140,175,16.8,453.6,42,-,0,FALSE,3,0,Dragon Cult,,Gravel Stone Seal; 1.15x,,,,,,,0.2,,,
Incantation,Fortissax's Lightning Spear 1,69412,0,0,0,288,0,1,100,125,16.8,453.6,42,-,0,FALSE,3,0,Dragon Cult,,Gravel Stone Seal; 1.15x,,,,,,,3,,,
Incantation,Fortissax's Lightning Spear 1,69411,0,0,0,122,0,1,60,75,5,135,42,-,0,FALSE,2,0,Dragon Cult,,Gravel Stone Seal; 1.15x,,,,,,,2,,,
Incantation,Fortissax's Lightning Spear 2,69415,0,0,0,374,0,1,160,200,16.8,453.6,42,-,0,FALSE,7,0,Dragon Cult,,Gravel Stone Seal; 1.15x,,,,,,,0.2,,,
Incantation,Fortissax's Lightning Spear 2,69417,0,0,0,292,0,1,120,150,16.8,453.6,42,-,0,FALSE,7,0,Dragon Cult,,Gravel Stone Seal; 1.15x,,,,,,,3,,,
Incantation,Fortissax's Lightning Spear 2,69416,0,0,0,123,0,1,60,75,5,135,42,-,0,FALSE,2,0,Dragon Cult,,Gravel Stone Seal; 1.15x,,,,,,,2,,,
Incantation,Frozen Lightning Spear,69210,0,0,0,240,0,1,90,112,5,67.5,39,-,0,FALSE,2,0,Dragon Cult,,Gravel Stone Seal; 1.15x,,,,,,,,Frost,120,Target loses ⌊MaxHP * 0.1⌋ + 30 HP on proc; target damage negation decreased by -20% for 30 seconds
Incantation,Frozen Lightning Spear,69211,0,0,0,307,0,1,70,87,5,67.5,39,-,0,FALSE,1,0,Dragon Cult,,Gravel Stone Seal; 1.15x,,,,,,,,Frost,120,Target loses ⌊MaxHP * 0.1⌋ + 30 HP on proc; target damage negation decreased by -20% for 30 seconds
Incantation,Death Lightning,50400,0,0,0,513,0,1,70,87,5,67.5,32,-,0,FALSE,2,0,Dragon Cult,,Gravel Stone Seal; 1.15x,,,,,,,,Death,50,Target dies on proc; only works on player-model entities
Incantation,Death Lightning,50401,0,0,0,0,0,1,0,0,0,0,32,-,0,FALSE,0,0,Dragon Cult,,Gravel Stone Seal; 1.15x,,,,Creates a cloud that applies death to targets within range; the 30 death ticks 5/s for 3 seconds (15 total ticks),,,,Death,30,Target dies on proc; only works on player-model entities
Incantation,Death Lightning - Charged,50405,0,0,0,564,0,1,91,113,9.25,124.875,42,-,0,FALSE,2,0,Dragon Cult,,Gravel Stone Seal; 1.15x,,Charged Spell,,,,,,Death,50,Target dies on proc; only works on player-model entities
Incantation,Death Lightning - Charged,50406,0,0,0,0,0,1,0,0,0,0,42,-,0,FALSE,0,0,Dragon Cult,,Gravel Stone Seal; 1.15x,,Charged Spell,,Creates a cloud that applies death to targets within range; the 30 death ticks 5/s for 3 seconds (15 total ticks),,,,Death,30,Target dies on proc; only works on player-model entities
Incantation,Electrify Armament,,,,,,,,,,,,10,,,,,,Dragon Cult,,Gravel Stone Seal; 1.15x,,,,Adds lightning AR to weapon (0.75 * Spell Buff; only uses faith scaling),,90,,,,
Incantation,Electrocharge,210692001,0,0,0,213,0,1,65,81,7,94.5,28,-,0,FALSE,3,0,Dragon Cult,,Gravel Stone Seal; 1.15x,,Dragon Cult,,,,,3,,,
Incantation,Electrocharge (Lingering Effect),210692000,0,0,0,45,0,1,5,6,0,0,28,-,-100,TRUE,0,0,Dragon Cult,,Gravel Stone Seal; 1.15x,,Dragon Cult,,Damages enemy in range every 0.2 seconds (does not scale),,45,2.5,,,
Incantation,Electrocharge - Charged,210692051,0,0,0,262,0,1,84,105,10,135,36,-,0,FALSE,3,0,Dragon Cult,,Gravel Stone Seal; 1.15x,,Dragon Cult,Charged Spell,,,,3,,,
Incantation,Electrocharge (Lingering Effect) - Charged,210692050,0,0,0,59,0,1,5,6,0,0,36,-,-100,TRUE,0,0,Dragon Cult,,Gravel Stone Seal; 1.15x,,Dragon Cult,Charged Spell,Damages enemy in range every 0.2 seconds (does not scale),,45,2.5,,,
Incantation,Dragonbolt Blessing,,,,,,,,,,,,20,,,,,,Dragon Cult,,Gravel Stone Seal; 1.15x,,,,"defFlickPower 70 (some attacks are deflected), increases resistances by 30, and decreases lightning damage negation by -35%",,70,,,,
Incantation,Vyke's Dragonbolt,,,,,,,,,,,,20,,,,,,Dragon Cult,,Gravel Stone Seal; 1.15x,,,,"Adds lightning AR to weapon (0.75 * Spell Buff; only uses faith scaling), increases equip load by 1.15x, and decreases lightning damage negation by -35%",,70,,,,
Incantation,Dragonbolt of Florissax,210691000,0,0,0,0,0,1,0,0,0,0,20,-,0,FALSE,0,0,Dragon Cult,,Gravel Stone Seal; 1.15x,,Dragon Cult,,Increases damage negations by 10% (5% in PvP) and increases guard damage negations by 20% for caster and nearby allies,,70,7,,,
Incantation,Catch Flame,60001,0,0,225,0,0,1,30,37,7,189,17,-,0,FALSE,1,0,,,,,,,,,,,,,
Incantation,"O, Flame!",60011,0,0,280,0,0,1,100,125,10.175,274.725,24,-,0,FALSE,2,0,Giants' Flame,,Giant's Seal; 1.2x,,,,,,,,,,
Incantation,"O, Flame! - Charged",60016,0,0,385,0,0,1,135,168,14.4,388.8,31,-,0,FALSE,3,0,Giants' Flame,,Giant's Seal; 1.2x,,Charged Spell,,,,,,,,
Incantation,Flame Sling,60100,0,0,202,0,0,1,45,56,5,67.5,22,-,0,FALSE,2,0,,,,,,,,,,,,,
Incantation,Flame Sling,60101,0,0,202,0,0,1,45,56,5,67.5,22,-,0,FALSE,2,0,,,,,,,,,,,,,
Incantation,Flame Sling - Charged,60102,0,0,255,0,0,1,59,73,9.25,249.75,29,-,0,FALSE,2,0,,,,,Charged Spell,,,,,,,,
Incantation,Flame Sling - Charged,60103,0,0,255,0,0,1,59,73,9.25,249.75,29,-,0,FALSE,2,0,,,,,Charged Spell,,,,,,,,
Incantation,Giantsflame Take Thee,61000,0,0,325,0,0,1,210,262,13.635,368.145,34,-,0,FALSE,7,0,Giants' Flame,,Giant's Seal; 1.2x,,,,,,,2.5,,,
Incantation,Giantsflame Take Thee - Charged,61005,0,0,389,0,0,1,273,341,15,405,44,-,0,FALSE,7,0,Giants' Flame,,Giant's Seal; 1.2x,,Charged Spell,,,,,3.5,,,
Incantation,"Flame, Fall Upon Them",60200,0,0,115,0,0,1,34,42,4,108,10,-,0,FALSE,2,0,Giants' Flame,,Giant's Seal; 1.2x,,,,,,,,,,
Incantation,"Flame, Fall Upon Them",60201,0,0,115,0,0,1,34,42,4,108,10,-,0,FALSE,2,0,Giants' Flame,,Giant's Seal; 1.2x,,,,,,,,,,
Incantation,"Flame, Fall Upon Them",60202,0,0,115,0,0,1,34,42,4,108,10,-,0,FALSE,2,0,Giants' Flame,,Giant's Seal; 1.2x,,,,,,,,,,
Incantation,"Flame, Fall Upon Them - Charged",60205,0,0,140,0,0,1,42,52,6,162,13,-,0,FALSE,2,0,Giants' Flame,,Giant's Seal; 1.2x,,Charged Spell,,,,,,,,
Incantation,"Flame, Fall Upon Them - Charged",60206,0,0,140,0,0,1,42,52,6,162,13,-,0,FALSE,2,0,Giants' Flame,,Giant's Seal; 1.2x,,Charged Spell,,,,,,,,
Incantation,"Flame, Fall Upon Them - Charged",60207,0,0,140,0,0,1,42,52,6,162,13,-,0,FALSE,2,0,Giants' Flame,,Giant's Seal; 1.2x,,Charged Spell,,,,,,,,
Incantation,Flame of the Fell God,61100,0,0,415,0,0,1,360,450,16.114,435.078,42,-,0,FALSE,7,0,Giants' Flame,,Giant's Seal; 1.2x,,,,,,,3.5,,,
Incantation,Flame of the Fell God (Lingering Fire),61101,0,0,35,0,0,1,40,50,1,27,42,-,0,FALSE,8,0,Giants' Flame,,Giant's Seal; 1.2x,,,,,,,1,,,
Incantation,"Surge, O Flame!",62200,0,0,51,0,0,1,20,25,1,13.5,2,-,0,FALSE,8,0,Giants' Flame,,Giant's Seal; 1.2x,,,,,,,,,,
Incantation,"Whirl, O Flame!",60300,0,0,96,0,0,1,20,25,1.85,24.975,26,-,0,FALSE,8,0,Giants' Flame,,Giant's Seal; 1.2x,,,,,,,,,,
Incantation,"Whirl, O Flame! - Charged",60305,0,0,121,0,0,1,26,32,2.8,37.8,34,-,0,FALSE,8,0,Giants' Flame,,Giant's Seal; 1.2x,,Charged Spell,,,,,,,,
Incantation,"Burn, O Flame!",61203,0,0,288,0,0,1,180,225,9.25,124.875,36,-,0,FALSE,9,0,Giants' Flame,,Giant's Seal; 1.2x,,,,,,,,,,
Incantation,"Flame, Cleanse Me",60400,0,0,0,0,0,1,0,0,0,0,10,-,0,FALSE,0,0,Giants' Flame,,Giant's Seal; 1.2x,,,,Removes buildup for poison/scarlet rot and cures poison/scarlet rot/frostbite; damages caster for 5 HP 3 times (15 HP),,,,,,
Incantation,"Flame, Cleanse Me",60400,0,0,0,0,0,1,0,0,0,0,10,-,0,FALSE,0,0,Giants' Flame,,Giant's Seal; 1.2x,,,,Removes buildup for poison/scarlet rot and cures poison/scarlet rot/frostbite; damages caster for 5 HP 3 times (15 HP),,,,,,
Incantation,"Flame, Cleanse Me",60400,0,0,0,0,0,1,0,0,0,0,10,-,0,FALSE,0,0,Giants' Flame,,Giant's Seal; 1.2x,,,,Removes buildup for poison/scarlet rot and cures poison/scarlet rot/frostbite; damages caster for 5 HP 3 times (15 HP),,,,,,
Incantation,"Flame, Protect Me",,,,,,,,,,,,20,,,,,,Giants' Flame,,Giant's Seal; 1.2x,,,,Increases fire damage negation by 60% (20% in PvP),20%,70,,,,
Incantation,"Flame, Grant Me Strength",,,,,,,,,,,,16,,,,,,Giants' Flame,,Giant's Seal; 1.2x,,,,1.2x physical and fire damage (1.15x in PvP) and +5 stamina regen per second,1.15x,30,,,,
Incantation,Fire's Deadly Sin (Lingering Ticks),79000,0,0,45,0,0,1,5,6,0,0,28,-,-100,TRUE,0,0,,,,,,,"Damage ticks 4/s (does not scale), self-damage ticks 2/s for 3 damage per tick",,40,2,,,
Incantation,Fire's Deadly Sin (AoE on Cast),79001,0,0,183,0,0,1,65,81,7,94.5,28,-,0,FALSE,3,0,,,,,,,,,,3,,,
Incantation,Fire's Deadly Sin - Charged (Lingering Ticks),79005,0,0,59,0,0,1,5,6,0,0,36,-,-100,TRUE,0,0,,,,,Charged Spell,,"Damage ticks 4/s (does not scale), self-damage ticks 2/s for 4 damage per tick",,40,2,,,
Incantation,Fire's Deadly Sin - Charged (AoE on Cast),79006,0,0,212,0,0,1,84,105,10,135,36,-,0,FALSE,3,0,,,,,Charged Spell,,,,,3,,,
Incantation,Fire Serpent,210780000,0,0,168,0,0,1,60,75,6,81,22,-,0,FALSE,1,0,Messmer's Flame,,Fire Knight's Seal; 1.15x,,Messmer's Flame,,,,,,,,
Incantation,Fire Serpent - Charged,210780050,0,0,210,0,0,1,80,100,8,108,29,-,0,FALSE,1,0,Messmer's Flame,,Fire Knight's Seal; 1.15x,,Messmer's Flame,Charged Spell,,,,,,,
Incantation,Rain of Fire,210781000,0,0,52,0,0,1,10,12,1.5,20.25,31,-,0,FALSE,0,0,Messmer's Flame,,Fire Knight's Seal; 1.15x,,Messmer's Flame,,,,,,,,
Incantation,Rain of Fire,210781001,0,0,52,0,0,1,10,12,1.5,20.25,31,-,0,FALSE,0,0,Messmer's Flame,,Fire Knight's Seal; 1.15x,,Messmer's Flame,,,,,,,,
Incantation,Rain of Fire - Charged,210781050,0,0,63,0,0,1,10,12,1.5,20.25,40,-,0,FALSE,0,0,Messmer's Flame,,Fire Knight's Seal; 1.15x,,Messmer's Flame,Charged Spell,,,,,,,
Incantation,Rain of Fire - Charged,210781051,0,0,63,0,0,1,10,12,1.5,20.25,40,-,0,FALSE,0,0,Messmer's Flame,,Fire Knight's Seal; 1.15x,,Messmer's Flame,Charged Spell,,,,,,,
Incantation,Messmer's Orb,210782000,0,0,50,0,0,1,40,50,4,108,43,-,0,FALSE,2,0,Messmer's Flame,,Fire Knight's Seal; 1.15x,,Messmer's Flame,,,,,,,,
Incantation,Messmer's Orb,210782001,0,0,50,0,0,1,40,50,4,108,43,-,0,FALSE,2,0,Messmer's Flame,,Fire Knight's Seal; 1.15x,,Messmer's Flame,,,,,,,,
Incantation,Messmer's Orb - Bullet,210782002,0,0,50,0,0,1,60,75,4,108,43,-,0,FALSE,2,0,Messmer's Flame,,Fire Knight's Seal; 1.15x,,Messmer's Flame,,,,,1.18,,,
Incantation,Messmer's Orb - Bullet,210782003,0,0,308,0,0,1,175,218,25,337.5,43,-,0,FALSE,10,0,Messmer's Flame,,Fire Knight's Seal; 1.15x,,Messmer's Flame,,,,,4,,,
Incantation,Messmer's Orb - Charged,210782050,0,0,70,0,0,1,40,50,4,108,56,-,0,FALSE,2,0,Messmer's Flame,,Fire Knight's Seal; 1.15x,,Messmer's Flame,Charged Spell,,,,,,,
Incantation,Messmer's Orb - Charged,210782051,0,0,70,0,0,1,40,50,4,108,56,-,0,FALSE,2,0,Messmer's Flame,,Fire Knight's Seal; 1.15x,,Messmer's Flame,Charged Spell,,,,,,,
Incantation,Messmer's Orb - Charged - Bullet,210782052,0,0,70,0,0,1,60,75,4,108,56,-,0,FALSE,2,0,Messmer's Flame,,Fire Knight's Seal; 1.15x,,Messmer's Flame,Charged Spell,,,,1.18,,,
Incantation,Messmer's Orb - Charged - Bullet,210782053,0,0,411,0,0,1,250,312,35,472.5,56,-,0,FALSE,10,0,Messmer's Flame,,Fire Knight's Seal; 1.15x,,Messmer's Flame,Charged Spell,,,,6,,,
Incantation,Black Flame,62101,0,0,244,0,0,1,150,187,9.1,122.85,25,-,0,FALSE,2,0,Godslayer,,Godslayer's Seal; 1.1x,,,,Damages target for ⌊MaxHP * 0.001⌋ + 1 (ticks 10/s for 2 seconds; 20 total ticks),,,,,,
Incantation,Black Flame - Charged,62106,0,0,300,0,0,1,210,262,11.83,319.41,33,-,0,FALSE,2,0,Godslayer,,Godslayer's Seal; 1.1x,,Charged Spell,,Damages target for ⌊MaxHP * 0.001⌋ + 1 (ticks 10/s for 2 seconds; 20 total ticks),,,,,,
Incantation,Scouring Black Flame,62300,0,0,255,0,0,1,150,187,9.25,124.875,29,-,0,FALSE,8,0,Godslayer,,Godslayer's Seal; 1.1x,,,,Damages target for ⌊MaxHP * 0.001⌋ + 1 (ticks 10/s for 2 seconds; 20 total ticks),,,,,,
Incantation,Scouring Black Flame - Charged,62305,0,0,299,0,0,1,210,262,13.635,368.145,38,-,0,FALSE,8,0,Godslayer,,Godslayer's Seal; 1.1x,,Charged Spell,,Damages target for ⌊MaxHP * 0.001⌋ + 1 (ticks 10/s for 2 seconds; 20 total ticks),,,,,,
Incantation,Black Flame Ritual,62502,0,0,106,0,0,1,91,113,5,67.5,39,-,0,FALSE,2,0,Godslayer,,Godslayer's Seal; 1.1x,,,,Damages target for ⌊MaxHP * 0.001⌋ + 1 (ticks 10/s for 2 seconds; 20 total ticks),,,,,,
Incantation,Black Flame Ritual,62503,0,0,106,0,0,1,91,113,5,67.5,39,-,0,FALSE,2,0,Godslayer,,Godslayer's Seal; 1.1x,,,,Damages target for ⌊MaxHP * 0.001⌋ + 1 (ticks 10/s for 2 seconds; 20 total ticks),,,,,,
Incantation,Black Flame Ritual - Charged,62507,0,0,109,0,0,1,118,147,6.5,87.75,51,-,0,FALSE,2,0,Godslayer,,Godslayer's Seal; 1.1x,,Charged Spell,,Damages target for ⌊MaxHP * 0.001⌋ + 1 (ticks 10/s for 2 seconds; 20 total ticks),,,,,,
Incantation,Black Flame Ritual - Charged,62508,0,0,109,0,0,1,118,147,6.5,87.75,51,-,0,FALSE,2,0,Godslayer,,Godslayer's Seal; 1.1x,,Charged Spell,,Damages target for ⌊MaxHP * 0.001⌋ + 1 (ticks 10/s for 2 seconds; 20 total ticks),,,,,,
Incantation,Black Flame Blade,,,,,,,,,,,,10,,,,,,Godslayer,,Godslayer's Seal; 1.1x,,,,Adds fire AR to weapon (0.65 * Spell Buff; only uses faith scaling); damages target for ⌊MaxHP * 0.001⌋ + 1 (ticks 10/s for 2 seconds; 20 total ticks),,7,,,,
Incantation,Black Flame's Protection,,,,,,,,,,,,13,,,,,,Godslayer,,Godslayer's Seal; 1.1x,,,,Increases physical absortpions by 35% (15% in PvP); decreases healing by 0.8x,15%,70,,,,
Incantation,Noble Presence,62401,0,0,239,0,0,1,200,250,16.8,453.6,28,-,0,FALSE,3,0,Noble's Presence,,,,,,Damages target for ⌊MaxHP * 0.001⌋ + 1 (ticks 10/s for 2 seconds; 20 total ticks),,,1.3,,,
Incantation,Noble Presence - Charged,62406,0,0,279,0,0,1,234,292,21.84,589.68,36,-,0,FALSE,9,0,Noble's Presence,,,,Charged Spell,,Damages target for ⌊MaxHP * 0.001⌋ + 1 (ticks 10/s for 2 seconds; 20 total ticks),,,2.3,,,
Incantation,Beast Claw,68200,193,0,0,0,0,1,130,162,7,189,27,Slash,0,FALSE,2,0,Bestial,,Clawmark Seal; 1.1x,,,,,,,,,,
Incantation,Beast Claw - Charged,68205,222,0,0,0,0,1,170,212,12.95,349.65,35,Slash,0,FALSE,2,0,Bestial,,Clawmark Seal; 1.1x,,Charged Spell,,,,,,,,
Incantation,Gurranq's Beast Claw,68300,225,0,0,0,0,1,180,225,12,324,42,Slash,0,FALSE,2,0,Bestial,,Clawmark Seal; 1.1x,,,,,,,,,,
Incantation,Bestial Sling,68000,87,0,0,0,0,1,60,75,4,26,19,Standard,0,FALSE,8,0,Bestial,,Clawmark Seal; 1.1x,,,,,,,,,,
Incantation,Stone of Gurranq,68100,245,0,0,0,0,1,260,325,14.4,388.8,37,Standard,0,FALSE,3,0,Bestial,,Clawmark Seal; 1.1x,,,,,,,2,,,
Incantation,Bestial Constitution,68600,0,0,0,0,0,1,0,0,0,0,10,-,0,FALSE,0,0,Bestial,,Clawmark Seal; 1.1x,,,,,,,,,,
Incantation,Bestial Vitality,,,,,,,,,,,,10,,,,,,Bestial,,Clawmark Seal; 1.1x,,,,Heals caster for 5 HP/s,,120,,,,
Incantation,Roar of Rugalea,210680000,355,0,0,0,0,1,200,250,14,189,35,Standard,0,FALSE,7,0,Bear Communion,,,,Breath Attack,,,,,,,,
Incantation,Roar of Rugalea - Charged,210680050,250,0,0,0,0,1,50,62,14,189,3,Standard,0,FALSE,3,0,Bear Communion,,,,Breath Attack,Charged Spell,,,,,,,
Incantation,Roar of Rugalea - Charged,210680051,30,0,0,0,0,1,70,87,0,0,3,Standard,0,FALSE,0,0,Bear Communion,,,,Breath Attack,Charged Spell,,,,,,,
Incantation,Roar of Rugalea - Charged,210680052,200,0,0,0,0,1,200,250,14,189,3,Standard,0,FALSE,7,0,Bear Communion,,,,Breath Attack,Charged Spell,,,,,,,
Incantation,Roar of Rugalea - Charged,210680053,100,0,0,0,0,1,50,62,14,189,3,Standard,0,FALSE,2,0,Bear Communion,,,,Breath Attack,Charged Spell,,,,,,,
Incantation,Swarm of Flies,72100,52,0,0,0,0,1,15,18,1,13.5,24,Standard,0,FALSE,2,0,,,,,,,,,,,,,
Incantation,Swarm of Flies,72101,15,0,0,0,0,1,15,18,1,13.5,24,Standard,0,TRUE,0,0,,,,,,,The 4 bleed ticks 10/s for 2 seconds (20 total ticks),,,,Bleed,70 + 4,Target loses ⌊MaxHP * 0.15⌋ + 100 HP on proc
Incantation,Bloodflame Talons,63000,0,0,236,0,0,1,100,125,10.175,274.725,21,-,0,FALSE,2,0,,,,,,,The 5 bleed ticks 10/s for 2 seconds (20 total ticks),,,,Bleed,5,Target loses ⌊MaxHP * 0.15⌋ + 100 HP on proc
Incantation,Furious Blade of Ansbach,210630000,0,0,97,0,0,1,30,37,5,85,21,-,0,FALSE,1,0,,,,,,,The 3 bleed ticks 10/s for 2 seconds (20 total ticks),,,,Bleed,3,Target loses ⌊MaxHP * 0.15⌋ + 100 HP on proc
Incantation,Furious Blade of Ansbach,210630001,0,0,97,0,0,1,30,37,5,85,21,-,0,FALSE,1,0,,,,,,,The 3 bleed ticks 10/s for 2 seconds (20 total ticks),,,,Bleed,3,Target loses ⌊MaxHP * 0.15⌋ + 100 HP on proc
Incantation,Furious Blade of Ansbach,210630010,0,0,154,0,0,1,30,37,3,51,21,-,0,FALSE,1,3,,,,,,,The 3 bleed ticks 10/s for 2 seconds (20 total ticks),,,,Bleed,3,Target loses ⌊MaxHP * 0.15⌋ + 100 HP on proc
Incantation,Furious Blade of Ansbach - Charged,210630050,0,0,98,0,0,1,30,37,5,85,27,-,0,FALSE,2,0,,,,,Charged Spell,,The 3 bleed ticks 10/s for 2 seconds (20 total ticks),,,,Bleed,3,Target loses ⌊MaxHP * 0.15⌋ + 100 HP on proc
Incantation,Furious Blade of Ansbach - Charged,210630051,0,0,98,0,0,1,30,37,5,85,27,-,0,FALSE,2,0,,,,,Charged Spell,,The 3 bleed ticks 10/s for 2 seconds (20 total ticks),,,,Bleed,3,Target loses ⌊MaxHP * 0.15⌋ + 100 HP on proc
Incantation,Furious Blade of Ansbach - Charged,210630060,0,0,163,0,0,1,30,37,3,51,27,-,0,FALSE,1,3,,,,,Charged Spell,,The 3 bleed ticks 10/s for 2 seconds (20 total ticks),,,,Bleed,3,Target loses ⌊MaxHP * 0.15⌋ + 100 HP on proc
Incantation,Bloodboon,63100,0,0,159,0,0,1,80,100,5,67.5,34,-,0,FALSE,2,0,,,,,,,The 3 bleed ticks 10/s for 2 seconds (20 total ticks),,,,Bleed,3,Target loses ⌊MaxHP * 0.15⌋ + 100 HP on proc
Incantation,Bloodboon,63101,0,0,44,0,0,1,10,12,1,13.5,34,-,0,FALSE,8,0,,,,,,,The 3 bleed ticks 10/s for 2 seconds (20 total ticks),,,,Bleed,3,Target loses ⌊MaxHP * 0.15⌋ + 100 HP on proc
Incantation,Bloodflame Blade,,,,,,,,,,,,10,,,,,,,,,,,,Adds fire AR to weapon (0.4 * Spell Buff; only uses faith scaling) and bleed buildup to weapon; the 2 bleed ticks 10/s for 2 seconds (20 total ticks),,60,,Bleed,2,Target loses ⌊MaxHP * 0.15⌋ + 100 HP on proc
Incantation,Poison Mist,72200,0,0,0,0,0,1,0,0,0,0,10,-,0,FALSE,0,0,,,,,,,Creates a mist that applies poison to targets within range; the 20 poison ticks 5/s for 16 seconds (80 total ticks),,15,2.8,Poison,20,Target loses ⌊MaxHP * 0.0007⌋ + 7 HP/s for 90 seconds on proc
Incantation,Poison Armament,,,,,,,,,,,,10,,,,,,,,,,,,Adds poison buildup to weapon,,60,,Poison,70,Target loses ⌊MaxHP * 0.0007⌋ + 7 HP/s for 90 seconds on proc
Incantation,Pest Threads,72000,60,0,0,0,0,1,40,50,1,13.5,29,Standard,0,FALSE,8,0,,,,,,,,,,,,,
Incantation,Pest-Thread Spears,210721000,180,0,0,0,0,1,10,12,3,40.5,29,Standard,0,FALSE,2,0,,,,,,,,,,,,,
Incantation,Pest-Thread Spears - Charged,210721050,230,0,0,0,0,1,10,12,4,54,38,Standard,0,FALSE,2,0,,,,,Charged Spell,,,,,,,,
Incantation,Scarlet Aeonia,72400,40,0,0,0,0,1,280,350,13,351,50,Standard,0,FALSE,3,0,,,,,,,,,,,,,
Incantation,Scarlet Aeonia - Bullet,72401,362,0,0,0,0,1,280,350,16.114,435.078,50,Standard,0,FALSE,7,0,,,,,,,,,,4,,,
Incantation,Scarlet Aeonia - Bullet,72402,60,0,0,0,0,1,0,0,0,0,50,Standard,0,TRUE,0,0,,,,,,,The 150 scarlet rot ticks 1.429/s for 4.2 seconds (6 total ticks),,4.2,5,Scarlet Rot,150,Target loses ⌊MaxHP * 0.0033⌋ + 13 HP/s for 90 seconds on proc
Incantation,Rotten Butterflies,210720000,100,0,0,0,0,1,30,37,5,67.5,50,Standard,0,FALSE,3,0,,,,,,,,,,,,,
Incantation,Rotten Butterflies - Bullet,,,,,,,,,,,,50,,,,,,,,,,,,,,,2.8,Scarlet Rot,20,Target loses ⌊MaxHP * 0.0033⌋ + 13 HP/s for 90 seconds on proc
Incantation,Rotten Butterflies - Bullet,210720001,100,0,0,0,0,1,10,12,3,40.5,50,Standard,0,FALSE,2,0,,,,,,,,,,2.8,Scarlet Rot,80,Target loses ⌊MaxHP * 0.0033⌋ + 13 HP/s for 90 seconds on proc
Incantation,The Flame of Frenzy,73100,0,0,107,0,0,1,50,62,5,67.5,30,-,0,FALSE,2,0,Frenzied Flame,,Frenzied Flame Seal; 1.2x,,,,,,,,Madness,21,Target loses ⌊MaxHP * 0.15⌋ + 100 HP and ⌊MaxFP * 0.1⌋ + 30 FP on proc; only works on player-model entities
Incantation,The Flame of Frenzy,73101,0,0,107,0,0,1,50,62,5,67.5,30,-,0,FALSE,2,0,Frenzied Flame,,Frenzied Flame Seal; 1.2x,,,,,,,,Madness,21,Target loses ⌊MaxHP * 0.15⌋ + 100 HP and ⌊MaxFP * 0.1⌋ + 30 FP on proc; only works on player-model entities
Incantation,The Flame of Frenzy - Self-Madness,73109,0,0,0,0,0,1,0,0,0,0,30,-,0,FALSE,0,0,Frenzied Flame,,Frenzied Flame Seal; 1.2x,,,,,,,,Madness,4,Caster loses ⌊MaxHP * 0.15⌋ + 100 HP and ⌊MaxFP * 0.1⌋ + 30 FP on proc; only works on player-model entities
Incantation,The Flame of Frenzy - Charged,73105,0,0,124,0,0,1,65,81,9.25,124.875,39,-,0,FALSE,2,0,Frenzied Flame,,Frenzied Flame Seal; 1.2x,,Charged Spell,,,,,,Madness,28,Target loses ⌊MaxHP * 0.15⌋ + 100 HP and ⌊MaxFP * 0.1⌋ + 30 FP on proc; only works on player-model entities
Incantation,The Flame of Frenzy - Charged,73106,0,0,124,0,0,1,65,81,9.25,124.875,39,-,0,FALSE,2,0,Frenzied Flame,,Frenzied Flame Seal; 1.2x,,Charged Spell,,,,,,Madness,28,Target loses ⌊MaxHP * 0.15⌋ + 100 HP and ⌊MaxFP * 0.1⌋ + 30 FP on proc; only works on player-model entities
Incantation,The Flame of Frenzy - Self-Madness - Charged,73109,0,0,0,0,0,1,0,0,0,0,39,-,0,FALSE,0,0,Frenzied Flame,,Frenzied Flame Seal; 1.2x,,,,,,,,Madness,4,Caster loses ⌊MaxHP * 0.15⌋ + 100 HP and ⌊MaxFP * 0.1⌋ + 30 FP on proc; only works on player-model entities
Incantation,Unendurable Frenzy,73110,0,0,125,0,0,0.8,60,75,5,67.5,40,-,0,FALSE,2,0,Frenzied Flame,,Frenzied Flame Seal; 1.2x,,,,,,,,Madness,40,Target loses ⌊MaxHP * 0.15⌋ + 100 HP and ⌊MaxFP * 0.1⌋ + 30 FP on proc; only works on player-model entities
Incantation,Unendurable Frenzy,73111,0,0,125,0,0,0.8,60,75,5,67.5,40,-,0,FALSE,2,0,Frenzied Flame,,Frenzied Flame Seal; 1.2x,,,,,,,,Madness,40,Target loses ⌊MaxHP * 0.15⌋ + 100 HP and ⌊MaxFP * 0.1⌋ + 30 FP on proc; only works on player-model entities
Incantation,Unendurable Frenzy - Self-Madness,73112,0,0,0,0,0,0.8,0,0,0,0,40,-,0,FALSE,0,0,Frenzied Flame,,Frenzied Flame Seal; 1.2x,,,,,,,,Madness,3,Caster loses ⌊MaxHP * 0.15⌋ + 100 HP and ⌊MaxFP * 0.1⌋ + 30 FP on proc; only works on player-model entities
Incantation,Midra's Flame of Frenzy,210730000,0,0,75,0,0,1,10,12,3,40.5,20,-,0,FALSE,1,0,Frenzied Flame,,Frenzied Flame Seal; 1.2x,,Frenzied Flame,,,,,,Madness,30,Target loses ⌊MaxHP * 0.15⌋ + 100 HP and ⌊MaxFP * 0.1⌋ + 30 FP on proc; only works on player-model entities
Incantation,Midra's Flame of Frenzy,,,,,,,,,,,,20,,,,,,Frenzied Flame,,Frenzied Flame Seal; 1.2x,,,,The 10 madness ticks 2.5/s for 1 seconds (3 total ticks),,,6,Madness,10,Target loses ⌊MaxHP * 0.15⌋ + 100 HP and ⌊MaxFP * 0.1⌋ + 30 FP on proc; only works on player-model entities
Incantation,Midra's Flame of Frenzy - Self-Madness,210730010,0,0,0,0,0,1,0,0,0,0,20,-,0,FALSE,0,0,Frenzied Flame,,Frenzied Flame Seal; 1.2x,,,,,,,,Madness,6,Caster loses ⌊MaxHP * 0.15⌋ + 100 HP and ⌊MaxFP * 0.1⌋ + 30 FP on proc; only works on player-model entities
Incantation,Frenzied Burst,73200,0,0,250,0,0,1,50,62,5,67.5,33,-,0,FALSE,2,0,Frenzied Flame,,Frenzied Flame Seal; 1.2x,,,,,,,,Madness,90,Target loses ⌊MaxHP * 0.15⌋ + 100 HP and ⌊MaxFP * 0.1⌋ + 30 FP on proc; only works on player-model entities
Incantation,Frenzied Burst - Self-Madness,,,,,,,,,,,,33,,,,,,Frenzied Flame,,Frenzied Flame Seal; 1.2x,,,,,,,,Madness,20,Caster loses ⌊MaxHP * 0.15⌋ + 100 HP and ⌊MaxFP * 0.1⌋ + 30 FP on proc; only works on player-model entities
Incantation,Frenzied Burst - Charged,73205,0,0,309,0,0,1,65,81,12.025,324.675,43,-,-70,TRUE,3,0,Frenzied Flame,,Frenzied Flame Seal; 1.2x,,Charged Spell,,,,,,Madness,105,Target loses ⌊MaxHP * 0.15⌋ + 100 HP and ⌊MaxFP * 0.1⌋ + 30 FP on proc; only works on player-model entities
Incantation,Frenzied Burst - Self-Madness - Charged,,,,,,,,,,,,43,,,,,,Frenzied Flame,,Frenzied Flame Seal; 1.2x,,,,,,,,Madness,30,Caster loses ⌊MaxHP * 0.15⌋ + 100 HP and ⌊MaxFP * 0.1⌋ + 30 FP on proc; only works on player-model entities
Incantation,Howl of Shabriri,73300,22,0,0,0,0,1,20,25,0,0,38,Standard,-100,TRUE,0,0,Frenzied Flame,,Frenzied Flame Seal; 1.2x,,Roar Attack,,Caster does 1.25x damage and has decreased damage negation by -30% for 40 seconds with additional -20% damage negation during cast,,,3.8,Madness,35,Target loses ⌊MaxHP * 0.15⌋ + 100 HP and ⌊MaxFP * 0.1⌋ + 30 FP on proc; only works on player-model entities
Incantation,Howl of Shabriri - Self-Madness,73301,0,0,0,0,0,1,0,0,0,0,38,-,-100,TRUE,0,0,Frenzied Flame,,Frenzied Flame Seal; 1.2x,,,,Madness from the above is also applied to caster,,,0.5,Madness,6,Caster loses ⌊MaxHP * 0.15⌋ + 100 HP and ⌊MaxFP * 0.1⌋ + 30 FP on proc; only works on player-model entities
Incantation,Inescapable Frenzy,73000,70,0,0,0,0,1.25,10,12,0,0,31,Standard,0,FALSE,3,0,Frenzied Flame,,Frenzied Flame Seal; 1.2x,,,,,,,,Madness,50,Target loses ⌊MaxHP * 0.15⌋ + 100 HP and ⌊MaxFP * 0.1⌋ + 30 FP on proc; only works on player-model entities
Incantation,Inescapable Frenzy,73002,70,0,0,0,0,1.25,10,12,0,0,31,Standard,0,FALSE,3,0,Frenzied Flame,,Frenzied Flame Seal; 1.2x,,,,,,,,Madness,50,Target loses ⌊MaxHP * 0.15⌋ + 100 HP and ⌊MaxFP * 0.1⌋ + 30 FP on proc; only works on player-model entities
Incantation,Inescapable Frenzy - Confirmed Grab,73001,0,0,180,0,0,1.25,10,12,0,0,31,-,0,FALSE,0,0,Frenzied Flame,,Frenzied Flame Seal; 1.2x,,,,Only uses faith scaling,,,,Madness,50,Target loses ⌊MaxHP * 0.15⌋ + 100 HP and ⌊MaxFP * 0.1⌋ + 30 FP on proc; only works on player-model entities
Incantation,Inescapable Frenzy - Self-Madness,73010,0,0,0,0,0,1,0,0,0,0,31,-,0,FALSE,0,0,Frenzied Flame,,Frenzied Flame Seal; 1.2x,,,,,,,,Madness,14,Caster loses ⌊MaxHP * 0.15⌋ + 100 HP and ⌊MaxFP * 0.1⌋ + 30 FP on proc; only works on player-model entities
Incantation,Inescapable Frenzy - Self-Madness,73010,0,0,0,0,0,1,0,0,0,0,31,-,0,FALSE,0,0,Frenzied Flame,,Frenzied Flame Seal; 1.2x,,,,,,,,Madness,9,Caster loses ⌊MaxHP * 0.15⌋ + 100 HP and ⌊MaxFP * 0.1⌋ + 30 FP on proc; only works on player-model entities
Incantation,Dragonfire,70000,0,0,144,0,0,0.8,70,87,4,54,40,-,0,FALSE,2,0,Dragon Communion,,Dragon Communion Seal; 1.15x,,Breath Attack,,,,,,,,
Incantation,Agheel's Flame,70010,0,0,169,0,0,0.8,90,112,4,54,60,-,0,FALSE,2,0,Dragon Communion,,Dragon Communion Seal; 1.15x,,Breath Attack,,,,,,,,
Incantation,Magma Breath,70100,0,0,223,0,0,1,180,225,12.025,324.675,40,-,0,FALSE,2,0,Dragon Communion,Magma Attack,Dragon Communion Seal; 1.15x,,Breath Attack,Magma Attack,,,,,,,
Incantation,Magma Breath,70101,0,0,34,0,0,1,20,25,0,0,40,-,0,FALSE,0,0,Dragon Communion,Magma Attack,Dragon Communion Seal; 1.15x,,,Magma Attack,,,,,,,
Incantation,Magma Breath,70102,0,0,223,0,0,1,180,225,12.025,324.675,40,-,0,FALSE,2,0,Dragon Communion,Magma Attack,Dragon Communion Seal; 1.15x,,Breath Attack,Magma Attack,,,,,,,
Incantation,Theodorix's Magma,70110,0,0,315,0,0,1,240,300,16.8,453.6,60,-,0,FALSE,3,0,Dragon Communion,Magma Attack,Dragon Communion Seal; 1.15x,,Breath Attack,Magma Attack,,,,,,,
Incantation,Theodorix's Magma,70111,0,0,40,0,0,1,20,25,0,0,60,-,0,FALSE,0,0,Dragon Communion,Magma Attack,Dragon Communion Seal; 1.15x,,,Magma Attack,,,,,,,
Incantation,Theodorix's Magma,70112,0,0,315,0,0,1,240,300,16.8,453.6,60,-,0,FALSE,3,0,Dragon Communion,Magma Attack,Dragon Communion Seal; 1.15x,,Breath Attack,Magma Attack,,,,,,,
Incantation,Glintstone Breath,70400,0,159,0,0,0,0.8,70,87,4,54,40,-,0,FALSE,2,0,Dragon Communion,,Dragon Communion Seal; 1.15x,,Breath Attack,,,,,,,,
Incantation,Smarag's Glintstone Breath,70410,0,188,0,0,0,0.8,90,112,4,54,60,-,0,FALSE,2,0,Dragon Communion,,Dragon Communion Seal; 1.15x,,Breath Attack,,,,,,,,
Incantation,Rotten Breath,70300,131,0,0,0,0,0.8,60,75,4,54,48,Standard,0,FALSE,2,0,Dragon Communion,,Dragon Communion Seal; 1.15x,,Breath Attack,,,,,,Scarlet Rot,65,Target loses ⌊MaxHP * 0.0033⌋ + 13 HP/s for 90 seconds on proc
Incantation,Ekzykes's Decay,70310,155,0,0,0,0,0.8,80,100,4,54,60,Standard,0,FALSE,2,0,Dragon Communion,,Dragon Communion Seal; 1.15x,,Breath Attack,,,,,,Scarlet Rot,65,Target loses ⌊MaxHP * 0.0033⌋ + 13 HP/s for 90 seconds on proc
Incantation,Dragonice,70200,0,135,0,0,0,0.8,70,87,4,54,48,-,0,FALSE,2,0,Dragon Communion,,Dragon Communion Seal; 1.15x,,Breath Attack,,,,,,Frost,110,Target loses ⌊MaxHP * 0.1⌋ + 30 HP on proc; target damage negation decreased by -20% for 30 seconds
Incantation,Borealis's Mist,70210,0,158,0,0,0,0.8,90,112,4,54,60,-,0,FALSE,2,0,Dragon Communion,,Dragon Communion Seal; 1.15x,,Breath Attack,,,,,,Frost,110,Target loses ⌊MaxHP * 0.1⌋ + 30 HP on proc; target damage negation decreased by -20% for 30 seconds
Incantation,Ghostflame Breath,210702000,0,168,0,0,0,0.8,90,112,4,54,60,-,0,FALSE,2,0,Dragon Communion,,Dragon Communion Seal; 1.15x,,Dragon Communion,Breath Attack,,,,,Frost,55,Target loses ⌊MaxHP * 0.1⌋ + 30 HP on proc; target damage negation decreased by -20% for 30 seconds
Incantation,Placidusax's Ruin - Startup AoE,70502,0,0,0,241,0,1,100,125,10,270,75,-,0,FALSE,7,0,,,,,,,,,,4.5,,,
Incantation,Placidusax's Ruin - Laser,70500,0,0,356,0,0,1,400,500,20,540,75,-,0,FALSE,7,0,,,,,Breath Attack,,,,,0.5,,,
Incantation,Placidusax's Ruin - Laser (Impact AoE),70501,0,0,356,0,0,1,400,500,20,540,75,-,0,FALSE,9,0,,,,,Breath Attack,,,,,1.5,,,
Incantation,Dragonclaw #1 - Direct,70600,395,0,0,0,0,1,300,375,30,810,35,Standard,0,FALSE,3,0,Dragon Communion,,Dragon Communion Seal; 1.15x,,,,,,,,,,
Incantation,Dragonclaw #2 - Direct,70601,410,0,0,0,0,1,300,375,30,810,35,Standard,0,FALSE,7,0,Dragon Communion,,Dragon Communion Seal; 1.15x,,,,,,,,,,
Incantation,Dragonclaw #1 - DIrect (Offhand),70602,395,0,0,0,0,1,300,375,30,810,35,Standard,0,FALSE,3,0,Dragon Communion,,Dragon Communion Seal; 1.15x,,,,,,,,,,
Incantation,Dragonclaw #2 - Direct (Offhand),70603,410,0,0,0,0,1,300,375,30,810,35,Standard,0,FALSE,7,0,Dragon Communion,,Dragon Communion Seal; 1.15x,,,,,,,,,,
Incantation,Dragonclaw #1 - Indirect,70605,253,0,0,0,0,1,220,275,16.114,435.078,35,Standard,0,FALSE,3,0,Dragon Communion,,Dragon Communion Seal; 1.15x,,,,,,,3,,,
Incantation,Dragonclaw #2 - Indirect,70606,263,0,0,0,0,1,220,275,16.114,435.078,35,Standard,0,FALSE,3,0,Dragon Communion,,Dragon Communion Seal; 1.15x,,,,,,,4,,,
Incantation,Dragonmaw,70800,628,0,0,0,0,1,360,450,45,1215,50,Standard,0,FALSE,7,0,Dragon Communion,,Dragon Communion Seal; 1.15x,,,,,,,,,,
Incantation,Greyoll's Roar,70900,320,0,0,0,0,1,220,275,16.114,435.078,72,Standard,-40,FALSE,7,0,Dragon Communion,,Dragon Communion Seal; 1.15x,,Breath Attack,,Decreases target(s) damage by 0.85x and damage negation by -10%,,60,7,,,
Incantation,Bayle's Tyranny - Startup Lightning,210700001,0,0,50,20,0,1,10,12,2,27,72,-,0,FALSE,3,0,Dragon Communion,Magma Attack,Dragon Communion Seal; 1.15x,,Dragon Communion,Magma Attack,,,,5,,,
Incantation,Bayle's Tyranny - Exposions,210700000,0,0,325,210,0,1,250,312,25,337.5,72,-,0,FALSE,7,0,Dragon Communion,Magma Attack,Dragon Communion Seal; 1.15x,,Dragon Communion,Magma Attack,,,,2.2,,,
Incantation,Bayle's Flame Lightning - Arm,210701000,280,0,220,280,0,1,300,375,30,405,35,Standard,0,FALSE,4,0,Dragon Communion,,Dragon Communion Seal; 1.15x,,Dragon Communion,,,,,,,,
Incantation,Bayle's Flame Lightning - Lightning [1],210701001,0,0,30,15,0,1,10,12,2,27,35,-,0,FALSE,0,0,Dragon Communion,,Dragon Communion Seal; 1.15x,,Dragon Communion,,,,,2.5,,,
Incantation,Bayle's Flame Lightning - Lightning [2],210701002,0,0,150,200,0,1,200,250,15,202.5,35,-,0,FALSE,3,0,Dragon Communion,,Dragon Communion Seal; 1.15x,,Dragon Communion,,,,,2,,,
Incantation,Golden Arcs,210770000,0,0,0,0,80,1,15,18,5,67.5,20,-,0,FALSE,0,0,Spiral,,Spiraltree Seal; 1.2x,,Spiral,,,,,,,,
Incantation,Golden Arcs - Charged,210770050,0,0,0,0,95,1,20,25,5,67.5,26,-,0,FALSE,1,0,Spiral,,Spiraltree Seal; 1.2x,,Spiral,Charged Spell,,,,,,,
Incantation,Giant Golden Arc,210771000,0,0,0,0,215,1,60,75,8,108,20,-,0,FALSE,1,0,Spiral,,Spiraltree Seal; 1.2x,,Spiral,,,,,,,,
Incantation,Giant Golden Arc - Charged,210771050,0,0,0,0,265,1,100,125,12,162,26,-,0,FALSE,2,3,Spiral,,Spiraltree Seal; 1.2x,,Spiral,Charged Spell,,,,,,,
Incantation,Spira,210772000,0,0,0,0,160,1,20,25,3,40.5,14,-,0,FALSE,1,0,Spiral,,Spiraltree Seal; 1.2x,,Spiral,,,,,1,,,
Incantation,Watchful Spirit,210760000,0,0,0,0,100,1,10,12,5,37.5,20,-,0,FALSE,1,0,Watchful / Vengeful Spirits,,,,,,,,,,,,
Incantation,Divine Bird Feathers,210774000,42,0,0,0,0,1,10,5,1,5,3,Pierce,0,FALSE,0,0,Divine Bird Feathers,,,,,,,,,,,,
Incantation,Divine Beast Tornado - Casting AoE,210773010,0,0,0,0,0,1,120,150,3,105,20,-,0,FALSE,1,0,,,,,,Storm Attack,,,,2.5,,,
Incantation,Divine Beast Tornado,210773000,220,0,0,0,0,1,50,62,8,216,20,Standard,0,FALSE,3,4,,,,,,Storm Attack,,,,1.8,,,
Incantation,Divine Beast Tornado - Charged,210773050,275,0,0,0,0,1,80,100,8,216,26,Standard,0,FALSE,9,4,,,,,Charged Spell,Storm Attack,,,,3.2,,,